52.709999084472656,50.82699966430664,47.47200012207031,43.555999755859375,42.46500015258789,38.20100021362305,35.702999114990234,31.355998992919922,27.476999282836914,24.52700042724609,22.89799880981445,27.319000244140625,27.732999801635746,27.441999435424805,26.74099922180176,26.684999465942386,26.15900039672852,25.94499969482422,25.756999969482425,25.713998794555664,30.05699920654297,32.63199996948242,33.22499847412109,46.25500106811523,72.71700286865234,87.9530029296875,103.87100219726562,113.2030029296875,107.69499969482422,119.49199676513672,121.63400268554688,113.61599731445312,99.7030029296875,98.94000244140624,87.99600219726562,87.03399658203125,80.5530014038086,74.62000274658203,69.57900238037111,68.76999664306639,65.56300354003906,62.93600082397461,60.861000061035156,60.67300033569336,59.08700180053711,57.37900161743164,55.16699981689453
45.10699844360352,42.891998291015625,39.09700012207031,36.07999801635742,35.18399810791016,31.447999954223636,29.375,26.038000106811523,23.27899932861328,21.517000198364254,20.770000457763672,20.687000274658203,20.493000030517575,20.43600082397461,20.417999267578125,20.42599868774414,20.444000244140625,20.444000244140625,20.434999465942386,20.43199920654297,20.54800033569336,44.9109992980957,47.00500106811523,62.137001037597656,56.07500076293945,85.8489990234375,80.7300033569336,80.75599670410156,75.63600158691406,94.45800018310548,88.38500213623047,98.16200256347656,91.96299743652344,98.15699768066406,81.98200225830078,80.61399841308594,72.73500061035156,67.71199798583984,63.933998107910156,63.36000061035156,61.11199951171875,59.31700134277344,57.75899887084961,57.59299850463867,56.26900100708008,54.79499816894531,52.53300094604492
56.15499877929688,54.64199829101562,51.9119987487793,48.40499877929688,47.40800094604492,43.32400131225586,39.45100021362305,35.572998046875,32.222000122070305,29.76599884033203,28.51499938964844,28.36199951171875,28.091999053955078,27.868999481201172,27.726999282836914,27.770999908447266,27.62800025939941,27.53299903869629,27.468000411987305,35.697998046875,39.78099822998047,40.11000061035156,40.11299896240234,61.55799865722656,78.5459976196289,83.8740005493164,103.15499877929688,115.33499908447266,114.40799713134766,102.0260009765625,99.90399932861328,115.97599792480469,100.75800323486328,100.6790008544922,88.4020004272461,87.47599792480469,80.98699951171875,74.87699890136719,69.70800018310547,68.86399841308594,65.71900177001953,63.2750015258789,61.49499893188477,61.34199905395508,60.099998474121094,58.862998962402344,57.01100158691406
60.45499801635742,59.1520004272461,57.72000122070313,55.93099975585938,55.178001403808594,50.053001403808594,43.79399871826172,38.17599868774414,32.757999420166016,28.53899955749512,25.9739990234375,25.63999938964844,24.68000030517578,24.364999771118164,24.06999969482422,24.07399940490723,24.987998962402344,25.187000274658203,25.18400001525879,37.05699920654297,38.61999893188477,40.54600143432617,41.60699844360352,86.83100128173828,100.33200073242188,111.91999816894531,106.75900268554688,121.02999877929688,112.70999908447266,114.97699737548828,109.45600128173828,113.18599700927734,103.51699829101562,100.00700378417969,88.93299865722656,87.78500366210938,81.23100280761719,75.43099975585938,70.25900268554689,69.44599914550781,66.37699890136719,63.68299865722656,61.54899978637695,61.34700012207031,59.56100082397461,57.57400131225586,55.04199981689453
56.35799789428711,54.4630012512207,50.94499969482422,47.222999572753906,46.14299774169922,42.04700088500977,39.22599792480469,34.679000854492195,30.38500022888184,26.963998794555664,24.86999893188477,24.591999053955078,24.01799964904785,23.8700008392334,23.66399955749512,23.64799880981445,23.51099967956543,23.46500015258789,23.43299865722656,23.423999786376953,23.39099884033203,27.79700088500977,28.10700035095215,45.28900146484375,76.4530029296875,100.40899658203124,108.86900329589844,112.31700134277344,112.5739974975586,110.8249969482422,108.41000366210938,114.1269989013672,98.15899658203124,94.32599639892578,85.9800033569336,85.10199737548828,79.38899993896484,74.35299682617188,70.20500183105469,69.56300354003906,66.87999725341797,64.59799957275389,62.60800170898438,62.40999984741211,60.80199813842773,59.37900161743164,57.15299987792969
54.52199935913086,52.58399963378906,48.97999954223633,44.93999862670898,43.82400131225586,39.49699783325195,37.17200088500977,32.540000915527344,28.333999633789066,25.091999053955078,23.30599975585937,29.267000198364254,29.98900032043457,29.80599975585937,29.11400032043457,29.05799865722656,28.584999084472656,28.30799865722656,28.13399887084961,28.10099983215332,28.04700088500977,30.23600006103516,30.42799949645996,46.08300018310547,74.45700073242188,95.45600128173828,108.4990005493164,106.24299621582031,108.05999755859376,112.54299926757812,116.72599792480469,111.28099822998048,98.49600219726562,96.1729965209961,86.44999694824219,85.53900146484375,79.4729995727539,74.01000213623047,69.54900360107422,68.85800170898439,66.10099792480469,63.85900115966797,62.04100036621094,61.862998962402344,60.38899993896485,58.70199966430664,56.49800109863281
55.60099792480469,53.52199935913086,50.06700134277344,45.78899765014648,44.66699981689453,40.25699996948242,38.180999755859375,33.463001251220696,29.303998947143555,26.15099906921387,24.29399871826172,24.04999923706055,23.30200004577637,22.944000244140625,22.687000274658203,22.66699981689453,22.49199867248535,22.352998733520508,22.261999130249023,22.90799903869629,27.22200012207031,29.04400062561035,29.2810001373291,47.21699905395508,46.74800109863281,86.19499969482422,102.86799621582031,112.02999877929688,99.84100341796876,98.46299743652344,100.33100128173828,111.83799743652344,101.0770034790039,98.75599670410156,86.9280014038086,85.70800018310547,78.3010025024414,71.97000122070312,66.21099853515625,65.23799896240234,61.59500122070313,58.59199905395508,56.23500061035156,56.0369987487793,54.29299926757813,52.46799850463867,50.08700180053711
58.42599868774414,56.90999984741211,54.05199813842773,50.66299819946289,49.512001037597656,44.72700119018555,41.57400131225586,40.81900024414063,34.2239990234375,27.9689998626709,24.62299919128418,24.18600082397461,27.548999786376953,27.35099983215332,26.50300025939941,26.49799919128418,26.11699867248535,25.79699897766113,25.333999633789066,29.68400001525879,32.18000030517578,56.66400146484375,55.86700057983398,85.47899627685547,92.83899688720705,110.26200103759766,105.43599700927734,114.3040008544922,113.63999938964844,123.08399963378906,109.02200317382812,111.40299987792969,106.66899871826172,114.2760009765625,96.5500030517578,95.36599731445312,88.33200073242188,82.10199737548828,76.63300323486328,75.75,73.24099731445312,70.25700378417969,67.56300354003906,67.33499908447266,65.53299713134766,63.92900085449219,61.83300018310547
58.1259994506836,56.73699951171875,54.97599792480469,53.85799789428711,53.08100128173828,48.071998596191406,42.1259994506836,36.678001403808594,31.42300033569336,27.30500030517578,24.88399887084961,24.57999992370605,23.70499992370605,23.40399932861328,23.107999801635746,23.09000015258789,23.59000015258789,23.89299964904785,23.90799903869629,28.042999267578125,30.20400047302246,31.368000030517575,31.44300079345703,78.3740005493164,92.16100311279295,106.88300323486328,106.62899780273438,127.73600006103516,113.69000244140624,111.93299865722656,107.16600036621094,113.19200134277344,102.9459991455078,98.91100311279295,88.73699951171875,87.66600036621094,81.14399719238281,75.11399841308594,69.69899749755861,68.82700347900389,65.41000366210939,62.51399993896485,60.24399948120117,60.03099822998047,58.18299865722656,56.16999816894531,53.69800186157226
55.48400115966797,53.75699996948242,50.76900100708008,46.81599807739258,45.73899841308594,41.20199966430664,37.23299789428711,33.02700042724609,28.77700042724609,25.30299949645996,23.343000411987305,23.08300018310547,22.66900062561035,22.65299987792969,22.489999771118164,22.46999931335449,22.274999618530273,22.160999298095703,22.062000274658203,28.036998748779297,30.43099975585937,30.37100028991699,29.70599937438965,96.90799713134766,101.8939971923828,94.66000366210938,102.61799621582031,115.21399688720705,111.46499633789062,112.56900024414062,107.8759994506836,112.11599731445312,98.29900360107422,107.21199798583984,91.6959991455078,90.59400177001952,83.7979965209961,77.45099639892578,72.11499786376953,71.23500061035156,67.73500061035156,64.94100189208984,62.65999984741211,62.44499969482422,60.73099899291992,59.24100112915039,57.01800155639648
49.99599838256836,48.05699920654297,44.72100067138672,41.06100082397461,40.06499862670898,38.81399917602539,36.822998046875,31.868999481201172,27.621999740600586,24.53899955749512,22.87100028991699,22.663000106811523,22.81399917602539,22.77599906921387,22.57699966430664,22.55799865722656,22.371999740600586,22.246999740600586,22.16699981689453,22.588998794555664,28.67600059509277,30.12100028991699,31.645999908447266,46.486000061035156,59.58300018310547,81.33399963378906,103.5999984741211,110.25800323486328,107.96299743652344,110.73500061035156,115.98999786376952,113.65299987792969,101.5530014038086,101.11100006103516,88.87100219726562,87.86000061035156,81.35399627685547,75.19599914550781,69.84200286865234,68.94499969482422,65.39399719238281,62.39699935913086,59.95199966430664,59.73899841308594,57.8650016784668,55.92499923706055,53.54800033569336
55.48400115966797,53.75699996948242,50.76900100708008,46.81599807739258,45.73899841308594,41.20199966430664,37.23299789428711,33.02700042724609,28.77700042724609,25.30299949645996,23.343000411987305,23.08300018310547,22.66900062561035,22.65299987792969,22.489999771118164,22.46999931335449,22.274999618530273,22.160999298095703,22.062000274658203,28.036998748779297,30.43099975585937,30.37100028991699,29.70599937438965,96.90799713134766,101.8939971923828,94.66000366210938,102.61799621582031,115.21399688720705,111.46499633789062,112.56900024414062,107.8759994506836,112.11599731445312,98.29900360107422,107.21199798583984,91.6959991455078,90.59400177001952,83.7979965209961,77.45099639892578,72.11499786376953,71.23500061035156,67.73500061035156,64.94100189208984,62.65999984741211,62.44499969482422,60.73099899291992,59.24100112915039,57.01800155639648
54.24100112915039,52.79499816894531,50.09500122070313,46.415000915527344,45.4109992980957,40.9010009765625,37.53799819946289,32.9010009765625,28.36199951171875,24.81399917602539,22.895000457763672,22.64900016784668,22.0049991607666,21.92300033569336,21.730998992919922,21.713998794555664,21.58199882507324,21.57999992370605,21.548999786376953,35.23500061035156,36.69200134277344,36.58000183105469,35.92699813842773,90.0270004272461,94.43699645996094,95.19200134277344,108.68099975585938,116.9000015258789,121.06800079345705,112.96600341796876,103.90699768066406,114.6500015258789,100.5770034790039,102.98400115966795,90.06199645996094,89.0199966430664,81.97000122070312,75.48999786376953,69.69400024414061,68.73500061035156,65.02400207519531,62.0009994506836,59.79299926757813,59.60200119018555,58.112998962402344,56.70800018310547,54.79700088500977
43.13000106811523,40.55500030517578,36.28499984741211,33.14299774169922,32.260997772216804,28.716999053955078,26.666000366210934,23.79399871826172,21.895999908447266,20.795000076293945,20.341999053955078,20.29400062561035,20.18199920654297,20.161998748779297,20.161998748779297,20.28299903869629,20.3129997253418,20.314998626708984,20.31399917602539,20.3129997253418,20.374000549316406,57.79600143432617,60.76100158691406,70.21499633789061,59.52799987792969,91.2519989013672,87.19100189208984,83.48200225830078,74.27400207519531,94.5459976196289,86.91600036621094,96.73200225830078,87.13999938964844,91.99400329589844,78.66699981689453,77.41200256347656,70.06500244140625,65.45800018310547,62.42300033569336,61.97100067138672,60.16799926757813,58.6619987487793,57.15599822998047,56.98699951171875,55.63100051879883,53.98699951171875,51.36399841308594
56.62699890136719,54.803001403808594,52.04700088500977,47.91399765014648,46.91799926757813,41.9370002746582,37.16399765014648,32.246997833251946,27.88599967956543,24.72599983215332,23.1560001373291,22.958999633789066,22.44599914550781,22.3439998626709,22.220998764038086,22.27899932861328,22.26799964904785,22.220998764038086,22.17599868774414,24.89099884033203,26.44099998474121,36.38899993896485,36.83300018310547,68.64600372314453,58.2140007019043,91.4499969482422,99.63099670410156,108.34400177001952,109.0790023803711,112.12999725341795,109.16200256347656,115.30999755859376,101.25399780273438,95.78199768066406,86.6780014038086,85.50599670410156,78.73799896240234,72.98500061035156,67.11799621582031,66.19300079345703,62.72800064086914,60.00699996948242,57.98500061035156,57.80799865722656,56.24100112915039,54.53499984741211,52.15299987792969
56.00699996948242,54.0880012512207,50.29299926757813,46.91699981689453,45.87899780273438,41.76599884033203,38.43299865722656,33.66699981689453,29.77599906921387,26.43000030517578,24.35400009155273,24.089000701904297,23.415000915527344,23.33300018310547,23.19699859619141,23.185998916625977,23.090999603271484,23.05799865722656,23.0310001373291,23.02400016784668,23.03700065612793,38.38000106811523,38.637001037597656,53.64400100708008,73.13200378417969,96.21299743652344,95.08300018310548,99.4499969482422,98.61299896240234,103.38800048828124,104.64299774169922,112.14199829101562,96.79000091552734,98.08499908447266,87.86499786376953,86.8740005493164,80.82099914550781,75.62699890136719,71.59600067138672,70.98600006103516,68.41400146484375,66.44100189208984,64.67600250244139,64.49199676513672,63.0369987487793,61.59199905395508,59.5009994506836
53.78099822998047,52.01399993896485,48.98199844360352,44.96500015258789,43.930999755859375,39.33399963378906,34.770999908447266,30.32600021362305,26.43299865722656,23.66899871826172,22.232999801635746,22.05599975585937,21.575000762939453,21.37299919128418,21.213998794555664,21.201000213623047,21.08799934387207,21.0,20.94999885559082,20.947999954223636,21.641000747680664,22.177000045776367,22.808000564575195,57.71099853515625,91.2310028076172,101.4219970703125,112.3290023803711,119.06199645996094,111.31500244140624,110.3939971923828,99.2310028076172,112.69000244140624,98.62899780273438,97.66000366210938,87.51200103759766,86.33100128173828,78.88300323486328,72.08599853515625,66.25599670410156,65.29000091552734,61.67900085449219,58.7140007019043,56.43000030517578,56.23300170898438,54.540000915527344,52.803001403808594,50.5260009765625
43.06700134277344,40.25,45.16799926757813,44.07799911499024,42.81499862670898,36.94300079345703,48.836997985839844,46.93000030517578,38.3120002746582,30.29399871826172,28.149999618530273,27.36599922180176,31.91399955749512,31.447999954223636,29.27799987792969,36.24699783325195,36.69099807739258,34.60400009155273,31.847999572753906,40.336997985839844,40.683998107910156,58.25699996948242,57.53400039672852,78.19999694824219,67.11699676513672,103.00900268554688,83.79399871826172,106.38700103759766,110.34100341796876,110.48300170898438,99.6959991455078,99.9209976196289,97.4729995727539,107.19499969482422,90.97599792480469,89.82499694824219,82.74700164794922,77.4800033569336,71.86699676513672,76.5780029296875,72.58599853515625,67.96199798583984,64.67299652099611,64.38700103759766,62.47700119018555,61.45299911499024,58.97100067138672
49.70000076293945,47.15599822998047,42.62099838256836,39.310001373291016,38.29399871826172,34.15200042724609,31.371999740600586,27.4429988861084,24.57600021362305,22.375999450683594,21.319000244140625,21.20199966430664,20.899999618530273,20.79400062561035,20.746000289916992,20.92300033569336,21.045000076293945,21.04800033569336,21.04199981689453,21.038000106811523,21.145000457763672,45.72800064086914,49.3380012512207,66.26999664306639,58.34099960327149,84.25900268554688,81.98899841308594,79.9229965209961,74.91699981689453,95.23799896240234,83.48699951171875,92.58799743652344,86.68800354003906,89.26399993896484,77.28700256347656,76.08000183105469,68.88600158691406,64.12699890136719,60.90599822998047,60.4020004272461,58.2869987487793,56.38100051879883,54.58599853515625,54.39199829101562,52.82799911499024,51.14500045776367,48.64300155639648
49.99599838256836,48.05699920654297,44.72100067138672,41.06100082397461,40.06499862670898,38.81399917602539,36.822998046875,31.868999481201172,27.621999740600586,24.53899955749512,22.87100028991699,22.663000106811523,22.81399917602539,22.77599906921387,22.57699966430664,22.55799865722656,22.371999740600586,22.246999740600586,22.16699981689453,22.588998794555664,28.67600059509277,30.12100028991699,31.645999908447266,46.486000061035156,59.58300018310547,81.33399963378906,103.5999984741211,110.25800323486328,107.96299743652344,110.73500061035156,115.98999786376952,113.65299987792969,101.5530014038086,101.11100006103516,88.87100219726562,87.86000061035156,81.35399627685547,75.19599914550781,69.84200286865234,68.94499969482422,65.39399719238281,62.39699935913086,59.95199966430664,59.73899841308594,57.8650016784668,55.92499923706055,53.54800033569336
55.75600051879883,54.32999801635742,51.63800048828125,47.81399917602539,46.77000045776367,42.229000091552734,38.7599983215332,34.69499969482422,30.09000015258789,26.167999267578125,23.9060001373291,23.604999542236328,23.18199920654297,23.15900039672852,22.98699951171875,22.961000442504886,22.711000442504886,22.65699958801269,22.566999435424805,32.81399917602539,34.036998748779304,33.90200042724609,33.080001831054695,92.69200134277344,100.80999755859376,96.11100006103516,104.29199981689452,113.13700103759766,113.90899658203124,113.05599975585938,107.29499816894531,114.95500183105469,100.76499938964844,104.96499633789062,90.56099700927734,89.45600128173828,82.47699737548828,76.01200103759766,70.4530029296875,69.53199768066406,65.91999816894531,63.02099990844727,60.84500122070313,60.64799880981445,59.11700057983398,57.63199996948242,55.71900177001953
53.98199844360352,52.43000030517578,49.70000076293945,45.89699935913086,44.928001403808594,40.36999893188477,36.73400115966797,32.20800018310547,27.920000076293945,24.65399932861328,22.886999130249023,22.65999984741211,22.072999954223636,21.988000869750977,21.78199958801269,21.761999130249023,21.628000259399414,21.536998748779297,21.53299903869629,22.61199951171875,25.670000076293945,25.93099975585937,25.957000732421875,82.81400299072266,97.90299987792969,105.50499725341795,113.53600311279295,123.71099853515624,118.2979965209961,113.6729965209961,103.89600372314452,114.19499969482422,100.2699966430664,99.76300048828124,89.06300354003906,87.93699645996094,80.73400115966797,74.04000091552734,68.24500274658203,67.27799987792969,63.54600143432617,60.3650016784668,57.94499969482422,57.73500061035156,55.98300170898438,54.25,52.0270004272461
55.07500076293945,53.25600051879883,50.17599868774414,47.06700134277344,46.00899887084961,45.35400009155274,42.652000427246094,39.55699920654297,33.76300048828125,28.520000457763672,25.404998779296875,24.989999771118164,24.417999267578125,24.493999481201172,24.32600021362305,24.310998916625977,24.20699882507324,23.99099922180176,23.768999099731445,23.716999053955078,23.90200042724609,24.582000732421875,25.0049991607666,68.87899780273439,75.06500244140625,94.75800323486328,90.95800018310548,102.10700225830078,101.66200256347656,117.5770034790039,112.74099731445312,112.06400299072266,100.1989974975586,107.06700134277344,91.5540008544922,90.40799713134766,83.74600219726562,77.56199645996094,72.51300048828125,71.72899627685547,68.38500213623047,65.85700225830078,63.79800033569336,63.59700012207031,62.04999923706055,60.61899948120117,58.56399917602539
42.51300048828125,40.48299789428711,37.10200119018555,33.70800018310547,32.847999572753906,36.58599853515625,34.55199813842773,29.41399955749512,25.7239990234375,23.34700012207031,22.137998580932614,21.98900032043457,21.69099998474121,21.679000854492188,21.57999992370605,21.57099914550781,21.476999282836914,21.40900039672852,21.375999450683594,21.895000457763672,27.32399940490723,30.04999923706055,30.55500030517578,55.92499923706055,68.76100158691406,84.09400177001953,104.75399780273438,110.8290023803711,108.36399841308594,112.66500091552734,113.27100372314452,112.73600006103516,102.72699737548828,101.95099639892578,88.79100036621094,87.73600006103516,81.26000213623047,75.00599670410156,69.63099670410156,68.71299743652344,65.072998046875,62.02299880981445,59.50400161743164,59.2869987487793,57.34700012207031,55.2869987487793,52.7509994506836
60.15900039672852,58.07400131225586,54.90499877929688,50.54800033569336,49.44099807739258,44.132999420166016,38.902000427246094,33.63199996948242,29.57699966430664,26.489999771118164,24.70800018310547,24.46299934387207,23.77799987792969,23.52899932861328,23.520999908447266,23.871999740600586,24.545000076293945,24.60000038146973,24.593000411987305,26.12899971008301,31.982999801635746,37.553001403808594,38.0260009765625,50.13999938964844,48.87300109863281,84.72000122070312,82.43499755859375,90.23799896240234,100.7020034790039,104.48300170898438,99.08000183105469,115.10399627685548,96.58100128173828,91.5719985961914,81.75399780273438,80.66500091552734,73.71900177001953,68.96299743652344,62.68099975585938,61.67900085449219,57.99200057983398,55.111000061035156,52.915000915527344,52.73199844360352,51.14699935913086,49.56000137329102,47.29199981689453
53.78099822998047,52.01399993896485,48.98199844360352,44.96500015258789,43.930999755859375,39.33399963378906,34.770999908447266,30.32600021362305,26.43299865722656,23.66899871826172,22.232999801635746,22.05599975585937,21.575000762939453,21.37299919128418,21.213998794555664,21.201000213623047,21.08799934387207,21.0,20.94999885559082,20.947999954223636,21.641000747680664,22.177000045776367,22.808000564575195,57.71099853515625,91.2310028076172,101.4219970703125,112.3290023803711,119.06199645996094,111.31500244140624,110.3939971923828,99.2310028076172,112.69000244140624,98.62899780273438,97.66000366210938,87.51200103759766,86.33100128173828,78.88300323486328,72.08599853515625,66.25599670410156,65.29000091552734,61.67900085449219,58.7140007019043,56.43000030517578,56.23300170898438,54.540000915527344,52.803001403808594,50.5260009765625
57.597999572753906,56.23999786376953,54.32600021362305,53.2869987487793,52.45199966430664,47.586997985839844,41.968997955322266,36.65599822998047,31.292999267578125,27.04599952697754,24.56599998474121,24.243000030517575,23.327999114990234,23.01499938964844,22.67099952697754,22.638999938964844,22.93899917602539,23.30799865722656,23.338998794555664,26.28400039672852,28.90299987792969,29.888999938964844,29.89699935913086,75.2490005493164,94.0790023803711,100.06300354003906,105.91200256347656,129.30799865722656,117.38800048828124,111.9729995727539,103.12899780273438,116.8769989013672,101.06199645996094,98.38500213623048,89.1510009765625,88.05899810791016,81.32499694824219,75.0770034790039,69.51899719238281,68.60500335693361,65.02999877929689,61.93600082397461,59.54499816894531,59.32899856567383,57.5099983215332,55.64099884033203,53.35400009155274
53.91999816894531,52.31700134277344,49.30099868774414,45.5099983215332,44.44200134277344,40.00699996948242,37.79899978637695,32.83599853515625,28.211000442504886,24.713998794555664,22.819000244140625,22.58300018310547,21.94599914550781,21.660999298095703,21.45199966430664,21.434999465942386,21.30799865722656,21.198999404907227,21.125999450683594,23.437000274658203,30.37400054931641,30.69599914550781,31.40099906921387,53.334999084472656,80.20800018310547,85.1259994506836,109.46700286865234,117.7249984741211,117.14700317382812,102.27300262451172,99.43499755859376,113.71399688720705,100.61699676513672,98.1060028076172,86.96499633789062,85.89700317382812,78.6780014038086,71.78900146484375,65.9010009765625,64.91100311279297,61.21699905395508,58.21799850463867,55.93999862670898,55.74599838256836,54.10100173950195,52.472999572753906,50.38100051879883
52.32999801635742,49.63399887084961,45.54299926757813,42.79499816894531,41.95199966430664,38.61399841308594,36.38100051879883,33.475997924804695,31.60700035095215,30.354999542236328,29.67599868774414,29.589000701904297,29.3799991607666,29.246999740600586,29.216999053955078,29.29399871826172,29.178998947143555,29.118999481201172,29.130998611450195,29.15299987792969,29.334999084472656,54.13100051879883,54.35300064086914,71.36799621582031,71.44999694824219,99.7040023803711,94.61399841308594,93.4499969482422,86.94999694824219,98.03399658203124,102.0790023803711,108.46199798583984,94.9010009765625,98.16999816894531,87.32499694824219,86.40299987792969,80.87799835205078,76.38700103759766,72.9280014038086,72.34700012207031,69.77799987792969,67.23799896240234,64.73500061035156,64.46700286865234,62.20399856567383,59.78300094604492,56.8390007019043
61.058998107910156,59.92200088500977,58.41699981689453,56.59199905395508,56.00199890136719,52.4109992980957,48.49200057983398,44.73699951171875,40.35900115966797,36.31100082397461,33.373001098632805,42.32799911499024,42.5009994506836,39.88000106811523,36.83100128173828,36.77999877929688,35.632999420166016,35.211997985839844,33.16299819946289,44.5,50.90399932861328,48.79600143432617,52.39400100708008,116.65499877929688,96.27400207519531,113.9489974975586,109.63300323486328,115.68900299072266,112.8280029296875,116.33399963378906,112.73899841308594,113.48200225830078,102.77100372314452,105.23400115966795,94.09400177001952,93.02899932861328,86.36299896240234,80.39399719238281,74.625,73.61799621582031,70.66899871826172,66.82900238037111,64.02200317382811,63.77299880981445,61.51599884033203,59.18600082397461,56.9119987487793
45.1259994506836,42.44099807739258,37.94599914550781,34.68600082397461,33.74399948120117,30.069000244140625,28.20599937438965,25.03499984741211,23.13999938964844,21.716999053955078,20.99199867248535,20.90900039672852,20.69099998474121,20.62299919128418,20.5939998626709,20.79399871826172,20.920000076293945,20.92599868774414,20.92300033569336,20.92099952697754,21.21199989318848,60.59299850463867,64.78700256347656,72.66699981689453,60.96200180053711,96.33200073242188,87.68199920654297,84.53800201416016,79.32099914550781,93.83200073242188,84.09100341796875,96.56700134277344,83.54199981689453,86.25900268554688,75.75700378417969,74.6500015258789,68.11900329589844,64.02200317382811,61.31900024414063,60.89199829101562,59.040000915527344,57.27000045776367,55.42300033569336,55.2140007019043,53.50799942016602,51.55699920654297,48.75500106811523
33.714000701904304,32.30899810791016,29.98699951171875,29.395999908447266,28.966999053955078,29.81399917602539,29.44499969482422,29.12399864196777,25.86199951171875,22.63999938964844,21.472000122070312,21.347000122070312,23.76499938964844,23.75300025939941,23.194000244140625,25.685998916625977,26.46500015258789,26.15799903869629,25.10700035095215,24.843000411987305,24.38599967956543,54.8129997253418,56.08300018310547,70.74099731445312,55.79600143432617,104.59200286865234,80.06700134277344,81.0270004272461,88.89099884033203,105.33200073242188,98.99400329589844,102.16600036621094,94.18000030517578,110.47100067138672,91.46199798583984,90.16200256347656,82.84500122070312,77.56800079345703,72.09600067138672,71.21700286865234,67.84300231933594,64.56099700927734,61.42599868774414,61.14099884033203,59.08000183105469,57.51800155639648,55.37099838256836
57.94499969482422,55.63199996948242,52.53799819946289,49.05799865722656,48.183998107910156,44.91600036621094,43.60900115966797,39.83300018310547,36.56999969482422,33.514999389648445,31.44999885559082,31.12100028991699,30.07200050354004,29.53899955749512,28.972999572753906,28.92499923706055,28.5629997253418,28.53400039672852,28.246999740600586,29.15399932861328,31.89800071716309,92.86599731445312,77.64600372314453,76.12300109863281,78.70099639892578,107.91200256347656,111.22799682617188,111.80999755859376,113.98699951171876,114.5250015258789,113.71399688720705,117.05799865722656,102.56800079345705,99.31400299072266,87.45800018310547,86.37100219726562,79.17400360107422,72.69499969482422,64.57599639892578,63.21099853515625,57.696998596191406,52.73300170898438,48.80099868774414,48.48400115966797,45.91600036621094,43.75699996948242,41.51499938964844
50.3489990234375,48.6879997253418,46.959999084472656,44.40499877929688,43.84600067138672,40.33399963378906,36.753997802734375,33.13199996948242,29.82600021362305,27.53400039672852,26.22799873352051,26.016000747680664,25.34000015258789,25.45199966430664,26.160999298095703,27.982999801635746,34.885997772216804,34.86899948120117,33.689998626708984,43.861000061035156,44.14799880981445,50.08700180053711,59.183998107910156,110.5709991455078,88.48600006103516,96.76699829101562,94.55500030517578,102.88099670410156,111.00299835205078,100.2959976196289,96.04900360107422,103.23799896240234,98.26000213623048,89.89199829101562,84.76499938964844,83.4469985961914,75.46299743652344,68.2969970703125,61.42599868774414,60.23899841308594,55.4370002746582,51.1150016784668,47.54299926757813,47.22900009155274,44.59600067138672,41.766998291015625,39.334999084472656
62.25500106811523,60.90800094604492,58.611000061035156,55.86000061035156,55.06399917602539,52.20100021362305,49.697998046875,46.82400131225586,44.180999755859375,42.12699890136719,40.97000122070313,40.89500045776367,40.777000427246094,40.37300109863281,40.11299896240234,40.11999893188477,39.94200134277344,39.79800033569336,39.69400024414063,45.18000030517578,47.51799774169922,47.19300079345703,48.25699996948242,57.35100173950195,77.13700103759766,87.08100128173828,104.48500061035156,117.66300201416016,109.49199676513672,104.69300079345705,113.28600311279295,118.93199920654295,102.15499877929688,103.072998046875,91.13500213623048,90.33999633789062,84.95999908447266,80.0770034790039,75.98400115966797,75.31600189208984,72.74600219726562,70.6709976196289,69.08899688720703,68.947998046875,68.53500366210939,67.28500366210939,65.46600341796875
51.72000122070313,49.89099884033203,46.73400115966797,43.06100082397461,42.0369987487793,40.67200088500977,38.63899993896485,33.437999725341804,28.75,25.215999603271484,23.25899887084961,23.01099967956543,22.31100082397461,22.00200080871582,21.775999069213867,21.757999420166016,21.590999603271484,21.45699882507324,21.36899948120117,23.270999908447266,29.16200065612793,29.416000366210934,31.75200080871582,44.95500183105469,65.31099700927734,79.7490005493164,104.37100219726562,118.81500244140624,108.76399993896484,101.5510025024414,105.77200317382812,111.71700286865234,100.35700225830078,101.0989990234375,87.81199645996094,86.72899627685547,79.83399963378906,73.2020034790039,67.47000122070311,66.49700164794922,62.76300048828125,59.67900085449219,57.24399948120117,57.0359992980957,55.222999572753906,53.374000549316406,51.11800003051758
54.81700134277344,52.90499877929688,49.73400115966797,45.4209976196289,44.33300018310547,39.52199935913086,34.950000762939446,30.404998779296875,26.55200004577637,23.84000015258789,22.427000045776367,22.253999710083008,21.74799919128418,21.503000259399414,21.33199882507324,21.3179988861084,21.203998565673828,21.118000030517575,21.07999992370605,21.11899948120117,21.893999099731445,22.94700050354004,23.15299987792969,44.42499923706055,52.42699813842773,91.45500183105469,102.08999633789062,115.78299713134766,106.99600219726562,109.7020034790039,97.93599700927734,107.75900268554688,98.91699981689452,97.29900360107422,86.39099884033203,85.12200164794922,77.38800048828125,70.89399719238281,64.95099639892578,63.97700119018555,60.4000015258789,57.45700073242188,55.16999816894531,54.97100067138672,53.24599838256836,51.44800186157226,49.09099960327149
50.55799865722656,48.36000061035156,45.35799789428711,42.06399917602539,41.27000045776367,42.42499923706055,41.17399978637695,37.10799789428711,33.757999420166016,30.7239990234375,28.85999870300293,28.57500076293945,28.636999130249023,28.53400039672852,28.093000411987305,28.05599975585937,27.708999633789066,27.5939998626709,27.40299987792969,28.343000411987305,30.74099922180176,84.89700317382812,77.48899841308594,77.0989990234375,91.38300323486328,115.1449966430664,117.75700378417969,112.33399963378906,116.25499725341795,115.75599670410156,111.60199737548828,116.35900115966795,101.75399780273438,98.1230010986328,82.03700256347656,80.66699981689453,70.78600311279297,62.97600173950195,55.21099853515625,53.95399856567383,48.89199829101562,44.525001525878906,41.16400146484375,40.89599990844727,38.73400115966797,36.90900039672852,35.03900146484375
56.24399948120117,54.347999572753906,51.27899932861328,46.96099853515625,45.89799880981445,41.027000427246094,36.82699966430664,32.169998168945305,28.12699890136719,25.161998748779297,23.55099868774414,23.343000411987305,22.756000518798828,22.53000068664551,22.355998992919922,22.340999603271484,22.21999931335449,22.142000198364254,22.0989990234375,23.053998947143555,24.05100059509277,29.24799919128418,29.95499992370605,55.84099960327149,52.98199844360352,90.06800079345703,102.94000244140624,108.08100128173828,105.76699829101562,104.72799682617188,102.16699981689452,108.26000213623048,96.9010009765625,94.9489974975586,84.26899719238281,83.072998046875,75.58000183105469,69.43399810791016,63.749000549316406,62.84000015258789,59.47200012207031,56.75699996948242,54.61800003051758,54.43299865722656,52.7760009765625,50.9630012512207,48.58000183105469
55.072998046875,53.1870002746582,49.85200119018555,45.76399993896485,44.64599990844727,40.94400024414063,38.89099884033203,34.062000274658196,29.73200035095215,26.40900039672852,24.43899917602539,24.17700004577637,23.41399955749512,23.10700035095215,22.840999603271484,22.8179988861084,22.608999252319336,22.43000030517578,22.319000244140625,23.69099998474121,30.343000411987305,32.444000244140625,32.577999114990234,41.06800079345703,45.51800155639648,83.69100189208984,104.21800231933594,116.18699645996094,101.5540008544922,95.11799621582031,101.93399810791016,112.27300262451172,98.91100311279295,97.63600158691406,86.06199645996094,84.84600067138672,77.4229965209961,70.70999908447266,64.95899963378906,63.97999954223633,60.3120002746582,57.35300064086914,55.012001037597656,54.81399917602539,53.066001892089844,51.22200012207031,48.93600082397461
38.512001037597656,36.3489990234375,32.898998260498054,29.67799949645996,28.93000030517578,28.33199882507324,27.36100006103516,24.42799949645996,22.52899932861328,21.416000366210934,20.887998580932614,20.823999404907227,20.650999069213867,20.625999450683594,20.605998992919922,20.604000091552734,20.586000442504886,20.586000442504886,20.586000442504886,20.660999298095703,21.420000076293945,22.910999298095703,23.57699966430664,63.73899841308594,83.73600006103516,85.17500305175781,104.64299774169922,106.9520034790039,108.95800018310548,122.0,118.69499969482422,111.22699737548828,99.58300018310548,98.73899841308594,86.89600372314453,85.88500213623047,79.41600036621094,73.2760009765625,68.20800018310547,67.37300109863281,64.04399871826172,61.196998596191406,58.75500106811523,58.5270004272461,56.43000030517578,54.04100036621094,51.17699813842773
52.709999084472656,50.82699966430664,47.47200012207031,43.555999755859375,42.46500015258789,38.20100021362305,35.702999114990234,31.355998992919922,27.476999282836914,24.52700042724609,22.89799880981445,27.319000244140625,27.732999801635746,27.441999435424805,26.74099922180176,26.684999465942386,26.15900039672852,25.94499969482422,25.756999969482425,25.713998794555664,30.05699920654297,32.63199996948242,33.22499847412109,46.25500106811523,72.71700286865234,87.9530029296875,103.87100219726562,113.2030029296875,107.69499969482422,119.49199676513672,121.63400268554688,113.61599731445312,99.7030029296875,98.94000244140624,87.99600219726562,87.03399658203125,80.5530014038086,74.62000274658203,69.57900238037111,68.76999664306639,65.56300354003906,62.93600082397461,60.861000061035156,60.67300033569336,59.08700180053711,57.37900161743164,55.16699981689453
56.62699890136719,54.803001403808594,52.04700088500977,47.91399765014648,46.91799926757813,41.9370002746582,37.16399765014648,32.246997833251946,27.88599967956543,24.72599983215332,23.1560001373291,22.958999633789066,22.44599914550781,22.3439998626709,22.220998764038086,22.27899932861328,22.26799964904785,22.220998764038086,22.17599868774414,24.89099884033203,26.44099998474121,36.38899993896485,36.83300018310547,68.64600372314453,58.2140007019043,91.4499969482422,99.63099670410156,108.34400177001952,109.0790023803711,112.12999725341795,109.16200256347656,115.30999755859376,101.25399780273438,95.78199768066406,86.6780014038086,85.50599670410156,78.73799896240234,72.98500061035156,67.11799621582031,66.19300079345703,62.72800064086914,60.00699996948242,57.98500061035156,57.80799865722656,56.24100112915039,54.53499984741211,52.15299987792969
59.14599990844727,57.65800094604492,57.321998596191406,56.53400039672852,55.54199981689453,50.92200088500977,48.59299850463867,47.75500106811523,42.50199890136719,37.04800033569336,34.77700042724609,41.566001892089844,48.35300064086914,44.63899993896485,40.22200012207031,43.02099990844727,43.20899963378906,41.99499893188477,37.67499923706055,53.92699813842773,54.374000549316406,88.75900268554688,81.81300354003906,112.34500122070312,113.89099884033205,116.1230010986328,113.36900329589844,116.38999938964844,114.93000030517578,120.8270034790039,113.22699737548828,114.96600341796876,113.2310028076172,115.31099700927734,98.6709976196289,97.3949966430664,90.2300033569336,84.41200256347656,78.9540023803711,80.20500183105469,76.76300048828125,72.65699768066406,69.60600280761719,69.322998046875,66.88500213623047,64.302001953125,61.60499954223633
55.55199813842773,54.26300048828125,52.00199890136719,48.55599975585938,47.59000015258789,43.27399826049805,38.67900085449219,34.36100006103516,29.858999252319336,26.19699859619141,24.02700042724609,23.73200035095215,23.145000457763672,23.09000015258789,22.83699989318848,22.810998916625977,22.8129997253418,22.822999954223636,22.77400016784668,26.72099876403809,31.770999908447266,31.77700042724609,31.37100028991699,91.49500274658205,96.77100372314452,96.1729965209961,99.16100311279295,111.34400177001952,114.4250030517578,112.5709991455078,109.04299926757812,110.0019989013672,102.52400207519531,107.36399841308594,91.51100158691406,90.37999725341795,83.4739990234375,76.91300201416016,71.20700073242188,70.24800109863281,66.45999908447266,63.362998962402344,61.00600051879883,60.78400039672852,59.0369987487793,57.35200119018555,55.41999816894531
50.21099853515625,48.29499816894531,44.89299774169922,41.05500030517578,40.0109977722168,35.9379997253418,33.06399917602539,29.10400009155273,25.768999099731445,23.35999870300293,22.088998794555664,29.216999053955078,29.641000747680664,29.315000534057614,28.47599983215332,28.40699958801269,27.80799865722656,27.41699981689453,27.17199897766113,27.125,27.319000244140625,31.70199966430664,31.85000038146973,47.9000015258789,74.0989990234375,92.8550033569336,103.14700317382812,109.56400299072266,104.31800079345705,118.0459976196289,120.10299682617188,109.22799682617188,97.80999755859376,96.00399780273438,85.84200286865234,84.88899993896484,78.53399658203125,72.78800201416016,68.11299896240234,67.37999725341797,64.51799774169922,62.26100158691406,60.54700088500977,60.387001037597656,59.066001892089844,57.55799865722656,55.486000061035156
54.02299880981445,52.34700012207031,49.50399780273438,45.44900131225586,44.420997619628906,39.63800048828125,34.82999801635742,30.24799919128418,26.222999572753906,23.40799903869629,22.049999237060547,21.88400077819824,21.4379997253418,21.267000198364254,21.125,21.11199951171875,21.011999130249023,21.08799934387207,21.09499931335449,21.191999435424805,21.878000259399414,22.97599983215332,23.48500061035156,61.5629997253418,83.64600372314453,99.14199829101562,106.9020004272461,124.61199951171876,108.1790008544922,114.28199768066406,100.85199737548828,109.39700317382812,99.55799865722656,97.68599700927734,87.80699920654297,86.59300231933594,79.04499816894531,72.23500061035156,66.26799774169922,65.28800201416016,61.62099838256836,58.66299819946289,56.428001403808594,56.23199844360352,54.55699920654297,52.84199905395508,50.58000183105469
56.0629997253418,53.81100082397461,49.7760009765625,47.57999801635742,46.58300018310547,42.35699844360352,38.99100112915039,33.99499893188477,29.99099922180176,26.67799949645996,24.621999740600586,24.35700035095215,23.65900039672852,23.41900062561035,23.256999969482425,23.24499893188477,23.19699859619141,23.18899917602539,23.19499969482422,23.23600006103516,23.37800025939941,34.20399856567383,34.566001892089844,50.88299942016602,60.76800155639648,94.5719985961914,91.90299987792969,91.80699920654295,90.52100372314452,99.98999786376952,96.25700378417969,111.4729995727539,94.48400115966795,93.39800262451172,84.42900085449219,83.46499633789062,77.2239990234375,72.05500030517578,68.17600250244139,67.55999755859375,65.0780029296875,62.91400146484375,60.95199966430664,60.74499893188477,59.08200073242188,57.28799819946289,54.88600158691406
53.98199844360352,52.43000030517578,49.70000076293945,45.89699935913086,44.928001403808594,40.36999893188477,36.73400115966797,32.20800018310547,27.920000076293945,24.65399932861328,22.886999130249023,22.65999984741211,22.072999954223636,21.988000869750977,21.78199958801269,21.761999130249023,21.628000259399414,21.536998748779297,21.53299903869629,22.61199951171875,25.670000076293945,25.93099975585937,25.957000732421875,82.81400299072266,97.90299987792969,105.50499725341795,113.53600311279295,123.71099853515624,118.2979965209961,113.6729965209961,103.89600372314452,114.19499969482422,100.2699966430664,99.76300048828124,89.06300354003906,87.93699645996094,80.73400115966797,74.04000091552734,68.24500274658203,67.27799987792969,63.54600143432617,60.3650016784668,57.94499969482422,57.73500061035156,55.98300170898438,54.25,52.0270004272461
46.11600112915039,43.93000030517578,40.2509994506836,36.45399856567383,35.49800109863281,31.77199935913086,29.02899932861328,25.722999572753906,23.36100006103516,21.86899948120117,21.15399932861328,23.57999992370605,24.756000518798828,24.750999450683594,24.56999969482422,24.55200004577637,24.40900039672852,24.328998565673828,24.28499984741211,24.29399871826172,24.62299919128418,24.79999923706055,24.82099914550781,54.40700149536133,72.01599884033203,88.8479995727539,107.47100067138672,103.79900360107422,107.00599670410156,116.90699768066406,119.4980010986328,111.99700164794922,99.36699676513672,97.11100006103516,86.927001953125,85.97699737548828,79.69200134277344,73.9489974975586,69.19999694824219,68.447998046875,65.42299652099611,62.89599990844727,60.76900100708008,60.5620002746582,58.73099899291992,56.65900039672852,54.11000061035156
42.77799987792969,41.10900115966797,38.36600112915039,36.137001037597656,35.382999420166016,36.1349983215332,34.036998748779304,30.718000411987305,26.85299873352051,23.58300018310547,21.9739990234375,21.777999877929688,22.51099967956543,22.697999954223636,22.64799880981445,22.642000198364254,22.53299903869629,22.45199966430664,22.362998962402344,22.341999053955078,22.26099967956543,23.73600006103516,24.39299964904785,55.69200134277344,77.7770004272461,103.14099884033205,97.01399993896484,112.6780014038086,102.677001953125,116.26599884033205,104.3769989013672,109.63200378417969,96.58000183105469,106.65799713134766,91.36699676513672,90.1050033569336,83.50900268554688,78.31900024414062,73.51300048828125,72.78700256347656,69.52799987792969,67.35800170898439,65.15200042724611,64.94000244140625,63.2859992980957,62.51100158691406,60.33399963378906
57.00600051879883,55.47200012207031,52.84000015258789,49.70199966430664,48.6619987487793,44.20399856567383,39.69499969482422,35.777000427246094,30.74899864196777,26.27899932861328,23.77599906921387,23.42600059509277,24.97800064086914,24.834999084472656,24.00300025939941,23.934999465942386,23.59000015258789,23.16899871826172,22.673999786376953,23.99600028991699,25.15500068664551,28.62800025939941,29.78499984741211,90.7040023803711,86.27999877929688,105.64299774169922,102.06300354003906,107.7699966430664,111.01200103759766,123.00299835205078,113.53500366210938,114.09500122070312,110.24700164794922,110.10800170898438,95.54100036621094,94.44499969482422,87.6729965209961,81.53199768066406,76.02999877929688,75.12999725341797,72.94400024414062,69.48899841308594,66.80400085449219,66.55599975585939,64.4739990234375,62.37300109863281,59.88199996948242
58.15599822998047,56.336997985839844,53.70000076293945,49.611000061035156,48.63399887084961,43.48500061035156,38.29399871826172,33.227001190185554,28.66399955749512,25.33699989318848,23.5989990234375,23.381999969482425,22.86000061035156,22.80500030517578,22.750999450683594,22.99600028991699,23.285999298095703,23.316999435424805,23.312000274658203,24.13500022888184,24.86000061035156,34.05199813842773,34.85800170898437,67.47799682617189,57.56800079345703,91.27100372314452,92.24700164794922,103.31400299072266,102.02799987792969,112.81999969482422,104.87100219726562,111.63999938964844,100.46800231933594,96.1790008544922,86.55400085449219,85.37699890136719,78.69100189208984,73.43299865722656,68.08599853515625,67.26499938964844,64.23500061035156,62.02099990844727,60.45899963378906,60.31900024414063,59.04999923706055,57.59400177001953,55.28400039672852
45.22900009155274,43.586997985839844,40.92599868774414,37.9010009765625,36.98799896240234,34.34000015258789,32.638999938964844,28.685998916625977,24.947999954223636,22.53499984741211,21.351999282836914,21.209999084472656,20.959999084472656,20.96199989318848,20.93199920654297,21.000999450683594,21.062000274658203,21.062000274658203,21.027000427246094,21.012998580932614,21.17300033569336,21.39299964904785,21.475000381469727,58.51399993896485,67.82599639892578,86.63200378417969,84.49299621582031,94.04000091552734,94.81999969482422,119.67400360107422,109.72799682617188,108.23200225830078,101.29900360107422,106.08300018310548,91.7040023803711,90.48400115966795,83.59300231933594,77.35700225830078,72.05400085449219,71.2249984741211,67.89499664306639,65.29799652099611,63.262001037597656,63.06999969482422,61.611000061035156,60.27099990844727,58.34500122070313
58.49499893188477,56.95499801635742,54.1879997253418,51.42599868774414,50.32799911499024,45.46899795532226,41.86499786376953,41.09299850463867,34.33100128173828,27.976999282836914,24.69099998474121,25.03499984741211,29.45499992370605,29.07099914550781,27.809999465942386,27.76799964904785,27.04399871826172,26.441999435424805,25.68299865722656,36.77999877929688,41.59299850463867,77.3489990234375,66.00900268554689,96.89099884033205,106.64700317382812,113.35700225830078,108.87000274658205,117.2480010986328,115.31800079345705,121.48799896240234,111.25599670410156,115.3740005493164,108.25800323486328,114.10900115966795,96.7030029296875,95.5510025024414,88.41500091552734,81.98699951171875,76.302001953125,75.38099670410156,73.10399627685547,69.8280029296875,67.13700103759766,66.90899658203125,65.05799865722656,63.32899856567383,61.165000915527344
57.36999893188477,55.51799774169922,52.572998046875,48.27000045776367,47.22100067138672,42.26900100708008,37.5359992980957,32.718997955322266,28.517000198364254,25.45499992370605,23.82499885559082,23.607999801635746,23.01799964904785,22.79800033569336,22.60999870300293,22.60299873352051,22.511999130249023,22.505998611450195,22.468000411987305,23.08199882507324,23.80500030517578,35.569000244140625,35.99300003051758,55.81000137329102,52.8129997253418,94.34200286865234,96.85900115966795,106.56400299072266,103.11900329589844,106.12200164794922,105.58300018310548,113.49199676513672,98.52899932861328,92.83000183105469,83.89900207519531,82.74400329589844,75.64299774169922,69.70999908447266,63.98400115966797,63.07300186157226,59.68999862670898,57.0250015258789,54.99800109863281,54.82600021362305,53.31399917602539,51.69800186157226,49.43899917602539
41.11600112915039,38.94599914550781,35.334999084472656,32.516998291015625,31.72099876403809,28.38599967956543,26.768999099731445,23.96299934387207,21.83699989318848,20.642000198364254,20.202999114990234,20.158000946044922,20.05500030517578,20.04399871826172,20.042999267578125,20.045000076293945,20.04399871826172,20.03999900817871,20.03400039672852,20.046998977661133,20.268999099731445,49.17599868774414,50.76699829101562,64.93699645996094,71.23100280761719,89.68699645996094,86.76499938964844,81.63800048828125,74.88200378417969,99.97000122070312,93.15799713134766,99.73400115966795,91.072998046875,97.70999908447266,82.87000274658203,81.51000213623047,73.81800079345703,68.66799926757811,64.90899658203125,64.34200286865234,62.15900039672852,60.43500137329102,58.91799926757813,58.76100158691406,57.54299926757813,56.0890007019043,53.7750015258789
36.5369987487793,34.36499786376953,31.029998779296875,27.996999740600586,27.32999992370605,24.89900016784668,23.88500022888184,22.267000198364254,21.27899932861328,20.715999603271484,20.448999404907227,20.41699981689453,20.35099983215332,20.357999801635746,20.357999801635746,20.357999801635746,20.35700035095215,20.35999870300293,20.36100006103516,20.371999740600586,20.426000595092773,22.7810001373291,23.0310001373291,67.07199859619139,72.94300079345703,80.37200164794922,105.68099975585938,101.66999816894531,107.56400299072266,117.53399658203124,118.31400299072266,112.40699768066406,99.49400329589844,98.83899688720705,86.72699737548828,85.76000213623047,79.46199798583984,73.7020034790039,68.95999908447266,68.18399810791016,65.04000091552734,62.25899887084961,59.75899887084961,59.51699829101562,57.26100158691406,54.6259994506836,51.55400085449219
58.9379997253418,56.64400100708008,53.88199996948242,51.02299880981445,50.32400131225586,47.51399993896485,45.68199920654297,42.82699966430664,40.38399887084961,37.90800094604492,35.98299789428711,35.6619987487793,34.57699966430664,33.799999237060554,33.05599975585937,32.987998962402344,32.36100006103516,32.19300079345703,31.76000022888184,31.673999786376953,32.71500015258789,84.84500122070312,74.94100189208984,76.53500366210938,76.0250015258789,109.22100067138672,107.23799896240234,108.46499633789062,115.57599639892578,113.03199768066406,110.0479965209961,118.572998046875,101.51000213623048,97.62899780273438,86.8949966430664,85.88899993896484,82.96700286865234,74.86499786376953,66.99900054931639,65.68000030517578,60.26300048828125,55.24200057983398,51.15499877929688,50.82400131225586,48.13199996948242,46.49300003051758,44.54800033569336
59.40599822998047,57.36199951171875,54.37799835205078,50.09500122070313,49.02499771118164,43.90299987792969,39.08100128173828,34.036998748779304,29.80099868774414,26.737998962402344,24.98900032043457,24.74600028991699,24.04999923706055,23.726999282836914,23.76499938964844,24.24199867248535,24.588998794555664,24.61400032043457,24.601999282836914,25.29699897766113,27.63800048828125,39.93199920654297,40.22800064086914,58.02099990844727,53.84500122070313,86.91100311279297,84.81999969482422,92.01399993896484,96.41000366210938,106.09500122070312,104.81999969482422,116.09700012207031,96.9250030517578,89.85600280761719,82.36799621582031,81.26300048828125,74.46299743652344,69.03700256347656,63.7140007019043,62.89899826049805,60.02000045776367,57.9640007019043,56.55099868774414,56.43600082397461,55.433998107910156,54.35400009155274,52.36800003051758
48.7509994506836,45.89400100708008,41.0890007019043,38.11399841308594,37.13100051879883,33.192001342773445,31.05799865722656,27.187000274658203,24.93199920654297,22.9739990234375,21.86899948120117,21.73600006103516,21.378000259399414,21.24399948120117,21.178998947143555,21.28499984741211,21.3179988861084,21.31599998474121,21.321998596191406,21.38399887084961,21.86400032043457,64.06500244140625,64.11599731445311,73.78900146484375,61.35100173950195,96.73400115966795,89.15499877929688,96.9540023803711,86.11900329589844,98.76100158691406,87.62100219726562,103.76799774169922,89.08200073242188,91.70600128173828,80.25599670410156,79.26699829101562,73.35600280761719,69.09700012207031,66.21600341796875,65.76300048828125,63.861000061035156,61.96699905395508,60.06900024414063,59.85300064086914,58.09199905395508,56.15700149536133,53.28799819946289
43.13000106811523,40.55500030517578,36.28499984741211,33.14299774169922,32.260997772216804,28.716999053955078,26.666000366210934,23.79399871826172,21.895999908447266,20.795000076293945,20.341999053955078,20.29400062561035,20.18199920654297,20.161998748779297,20.161998748779297,20.28299903869629,20.3129997253418,20.314998626708984,20.31399917602539,20.3129997253418,20.374000549316406,57.79600143432617,60.76100158691406,70.21499633789061,59.52799987792969,91.2519989013672,87.19100189208984,83.48200225830078,74.27400207519531,94.5459976196289,86.91600036621094,96.73200225830078,87.13999938964844,91.99400329589844,78.66699981689453,77.41200256347656,70.06500244140625,65.45800018310547,62.42300033569336,61.97100067138672,60.16799926757813,58.6619987487793,57.15599822998047,56.98699951171875,55.63100051879883,53.98699951171875,51.36399841308594
55.6619987487793,53.54700088500977,50.125,45.7140007019043,44.59700012207031,39.80699920654297,36.67599868774414,32.11499786376953,28.230998992919922,25.38599967956543,23.75300025939941,23.54199981689453,22.892000198364254,22.58300018310547,22.36199951171875,22.3439998626709,22.201000213623047,22.086000442504886,22.007999420166016,22.042999267578125,23.364999771118164,24.86400032043457,25.05599975585937,51.50199890136719,50.73300170898438,89.45600128173828,104.06600189208984,108.37100219726562,100.53500366210938,103.9749984741211,97.49700164794922,108.97000122070312,100.71099853515624,100.4469985961914,87.06600189208984,85.81600189208984,78.31800079345703,72.29900360107422,66.57199859619139,65.63099670410156,62.12699890136719,59.236000061035156,56.96200180053711,56.76800155639648,55.03900146484375,53.18999862670898,50.73400115966797
56.53099822998047,54.4739990234375,51.11000061035156,46.70899963378906,45.62199783325195,40.77899932861328,36.85099792480469,32.39299774169922,28.66499900817871,25.9379997253418,24.37800025939941,24.163000106811523,23.59900093078613,23.55200004577637,23.39099884033203,23.375,23.261999130249023,23.173999786376953,23.11400032043457,23.239999771118164,23.697999954223636,25.37899971008301,25.582000732421875,50.22700119018555,49.05699920654297,92.41699981689452,101.3499984741211,102.6959991455078,98.59300231933594,100.2969970703125,98.34400177001952,104.61900329589844,94.05500030517578,91.95700073242188,81.86000061035156,80.72799682617188,73.50700378417969,67.90399932861328,62.8120002746582,61.99300003051758,58.95399856567383,56.45399856567383,54.45199966430664,54.28400039672852,52.7509994506836,51.04199981689453,48.70800018310547
42.10499954223633,39.7140007019043,35.85300064086914,32.24300003051758,31.39900016784668,28.14699935913086,25.85700035095215,23.512998580932614,22.052000045776367,21.23600006103516,20.836000442504886,27.07999992370605,27.88800048828125,27.86199951171875,27.64799880981445,27.6299991607666,27.487998962402344,27.41399955749512,27.35999870300293,27.34700012207031,27.288000106811523,27.232999801635746,27.17099952697754,47.64500045776367,86.12699890136719,88.73999786376953,101.86100006103516,102.3030014038086,114.39600372314452,105.99500274658205,114.3479995727539,114.51599884033205,99.6760025024414,96.46099853515624,87.74400329589844,86.7760009765625,80.51200103759766,74.9990005493164,70.26100158691406,69.50299835205078,66.29900360107422,63.36700057983398,60.73300170898438,60.472999572753906,58.22600173950195,55.83300018310547,52.88600158691406
34.80599975585937,32.39299774169922,28.83099937438965,25.910999298095703,25.32499885559082,23.482999801635746,23.13599967956543,22.0939998626709,21.428998947143555,21.038000106811523,20.83699989318848,20.812000274658203,20.841999053955078,20.84499931335449,20.843000411987305,20.841999053955078,20.83699989318848,20.83300018310547,20.83099937438965,20.82999992370605,20.82999992370605,20.882999420166016,20.94499969482422,56.78300094604492,84.82099914550781,84.58300018310547,106.98500061035156,100.90399932861328,103.43900299072266,109.6959991455078,105.51799774169922,103.125,89.56400299072266,89.34700012207031,77.83399963378906,76.98300170898438,72.4489974975586,69.31400299072266,66.23200225830078,65.62699890136719,62.887001037597656,59.941001892089844,56.85300064086914,56.55400085449219,53.70600128173828,50.361000061035156,46.66699981689453
54.91600036621094,52.19200134277344,47.9119987487793,45.24499893188477,44.347999572753906,40.89299774169922,38.82899856567383,35.46500015258789,33.235000610351555,31.572999954223636,30.65099906921387,30.53499984741211,30.35700035095215,30.15099906921387,30.142000198364254,30.285999298095703,30.16899871826172,30.10099983215332,30.35299873352051,30.375,31.261999130249023,73.78500366210938,70.81900024414062,75.87999725341797,65.89399719238281,99.44400024414062,92.25700378417969,101.86299896240234,90.33699798583984,102.78800201416016,92.11799621582031,109.68599700927734,94.81800079345705,101.58799743652344,87.75800323486328,86.85199737548828,81.80599975585938,77.49400329589844,74.27899932861328,73.75199890136719,71.38700103759766,69.23400115966797,66.94899749755861,66.7030029296875,64.66200256347656,62.5989990234375,59.84299850463867
54.02299880981445,52.34700012207031,49.50399780273438,45.44900131225586,44.420997619628906,39.63800048828125,34.82999801635742,30.24799919128418,26.222999572753906,23.40799903869629,22.049999237060547,21.88400077819824,21.4379997253418,21.267000198364254,21.125,21.11199951171875,21.011999130249023,21.08799934387207,21.09499931335449,21.191999435424805,21.878000259399414,22.97599983215332,23.48500061035156,61.5629997253418,83.64600372314453,99.14199829101562,106.9020004272461,124.61199951171876,108.1790008544922,114.28199768066406,100.85199737548828,109.39700317382812,99.55799865722656,97.68599700927734,87.80699920654297,86.59300231933594,79.04499816894531,72.23500061035156,66.26799774169922,65.28800201416016,61.62099838256836,58.66299819946289,56.428001403808594,56.23199844360352,54.55699920654297,52.84199905395508,50.58000183105469
40.33399963378906,38.34000015258789,34.95800018310547,31.9379997253418,31.17499923706055,28.184999465942386,26.04699897766113,23.709999084472656,22.105998992919922,21.18400001525879,20.73699951171875,21.63999938964844,22.347999572753906,22.354000091552734,22.310998916625977,22.30599975585937,22.255998611450195,22.244998931884766,22.23600006103516,22.232999801635746,22.22800064086914,22.87299919128418,23.03700065612793,32.812000274658196,85.56999969482422,97.16300201416016,97.36499786376952,99.3489990234375,103.2040023803711,104.40299987792969,110.03399658203124,115.36299896240234,99.6709976196289,97.4499969482422,87.69000244140625,86.74600219726562,80.43399810791016,74.30000305175781,69.34200286865234,68.57099914550781,65.41799926757811,62.74100112915039,60.5880012512207,60.37300109863281,59.20800018310547,58.40499877929688,55.83399963378906
54.38399887084961,52.62699890136719,49.50899887084961,45.59000015258789,44.51599884033203,40.12099838256836,36.72999954223633,32.339000701904304,28.27799987792969,25.18000030517578,23.382999420166016,23.15099906921387,22.45599937438965,22.1200008392334,21.876998901367188,21.85700035095215,21.69099998474121,21.55699920654297,21.46999931335449,21.569000244140625,22.979999542236328,24.57099914550781,24.908000946044922,40.553001403808594,65.48699951171875,86.62999725341797,105.81500244140624,114.9810028076172,107.83799743652344,100.04199981689452,103.95099639892578,110.93499755859376,99.36799621582031,96.71600341796876,86.21299743652344,85.01499938964844,77.52899932861328,70.62799835205078,64.73999786376953,63.74200057983398,60.28799819946289,57.20299911499024,54.75500106811523,54.54600143432617,52.73899841308594,50.88899993896485,48.62300109863281
35.067001342773445,32.7239990234375,29.261999130249023,26.358999252319336,25.77400016784668,23.73200035095215,22.58199882507324,21.548999786376953,20.983999252319336,20.68099975585937,20.53299903869629,20.51499938964844,20.48699951171875,20.488000869750977,20.48600006103516,20.48499870300293,20.48200035095215,20.479999542236328,20.477998733520508,20.47800064086914,20.483999252319336,20.51499938964844,20.520999908447266,66.71800231933594,80.99700164794922,82.24600219726562,105.125,98.70099639892578,106.39099884033205,105.06600189208984,110.25299835205078,103.69499969482422,89.58599853515625,88.3489990234375,78.16699981689453,77.21900177001953,71.91400146484375,68.41300201416016,65.08000183105469,64.45899963378906,61.65399932861328,58.66699981689453,55.65499877929688,55.349998474121094,52.52299880981445,49.29899978637695,45.73699951171875
33.05500030517578,31.35099983215332,28.601999282836914,27.48200035095215,27.05699920654297,24.819000244140625,23.83699989318848,22.378000259399414,21.0989990234375,20.23699951171875,19.980998992919922,19.95599937438965,19.90900039672852,19.90399932861328,19.89900016784668,19.9689998626709,20.072999954223636,20.086000442504886,20.086000442504886,20.11199951171875,20.783000946044922,55.42900085449219,57.499000549316406,70.58799743652344,67.43299865722656,108.24400329589844,90.88500213623048,85.85900115966797,77.69400024414062,96.18900299072266,92.96600341796876,97.83999633789062,88.02300262451172,105.66600036621094,87.88999938964844,86.45899963378906,78.50299835205078,73.30999755859375,68.86399841308594,68.16699981689453,65.37400054931639,63.36199951171875,61.62300109863281,61.46500015258789,61.03300094604492,60.45100021362305,58.17599868774414
60.8129997253418,59.5629997253418,58.24599838256836,57.39899826049805,56.72900009155274,51.68500137329102,46.09099960327149,40.59500122070313,35.21799850463867,31.03299903869629,28.40099906921387,28.006999969482425,27.959999084472656,27.882999420166016,28.94899940490723,30.18000030517578,35.71799850463867,35.7859992980957,35.638999938964844,64.55699920654297,63.44200134277344,56.33399963378906,56.9000015258789,104.06099700927734,95.7519989013672,110.02100372314452,108.58100128173828,112.76300048828124,116.69300079345705,114.1240005493164,105.2699966430664,110.40799713134766,103.11599731445312,97.26399993896484,88.51599884033203,87.25900268554688,80.4209976196289,75.27899932861328,69.56400299072266,68.65200042724611,65.00800323486328,62.02399826049805,59.68199920654297,59.472999572753906,57.6500015258789,55.52899932861328,53.14799880981445
54.52199935913086,52.58399963378906,48.97999954223633,44.93999862670898,43.82400131225586,39.49699783325195,37.17200088500977,32.540000915527344,28.333999633789066,25.091999053955078,23.30599975585937,29.267000198364254,29.98900032043457,29.80599975585937,29.11400032043457,29.05799865722656,28.584999084472656,28.30799865722656,28.13399887084961,28.10099983215332,28.04700088500977,30.23600006103516,30.42799949645996,46.08300018310547,74.45700073242188,95.45600128173828,108.4990005493164,106.24299621582031,108.05999755859376,112.54299926757812,116.72599792480469,111.28099822998048,98.49600219726562,96.1729965209961,86.44999694824219,85.53900146484375,79.4729995727539,74.01000213623047,69.54900360107422,68.85800170898439,66.10099792480469,63.85900115966797,62.04100036621094,61.862998962402344,60.38899993896485,58.70199966430664,56.49800109863281
55.83300018310547,54.14599990844727,51.48199844360352,47.27299880981445,46.2770004272461,41.21599960327149,35.810001373291016,30.88599967956543,26.52299880981445,23.55799865722656,22.138999938964844,21.968000411987305,21.54800033569336,21.450000762939453,21.32999992370605,21.33099937438965,21.60700035095215,21.722999572753906,21.72599983215332,29.762998580932614,32.56100082397461,34.790000915527344,35.082000732421875,62.61000061035156,82.53099822998047,91.76499938964844,99.27200317382812,118.29299926757812,108.0749969482422,110.72000122070312,110.96099853515624,115.48600006103516,101.6269989013672,94.24299621582031,86.77899932861328,85.63400268554688,78.42500305175781,72.08200073242188,66.12799835205078,65.17600250244139,61.58700180053711,58.76300048828125,56.6609992980957,56.472999572753906,54.85300064086914,53.1500015258789,50.79899978637695
58.15599822998047,56.336997985839844,53.70000076293945,49.611000061035156,48.63399887084961,43.48500061035156,38.29399871826172,33.227001190185554,28.66399955749512,25.33699989318848,23.5989990234375,23.381999969482425,22.86000061035156,22.80500030517578,22.750999450683594,22.99600028991699,23.285999298095703,23.316999435424805,23.312000274658203,24.13500022888184,24.86000061035156,34.05199813842773,34.85800170898437,67.47799682617189,57.56800079345703,91.27100372314452,92.24700164794922,103.31400299072266,102.02799987792969,112.81999969482422,104.87100219726562,111.63999938964844,100.46800231933594,96.1790008544922,86.55400085449219,85.37699890136719,78.69100189208984,73.43299865722656,68.08599853515625,67.26499938964844,64.23500061035156,62.02099990844727,60.45899963378906,60.31900024414063,59.04999923706055,57.59400177001953,55.28400039672852
42.10499954223633,39.7140007019043,35.85300064086914,32.24300003051758,31.39900016784668,28.14699935913086,25.85700035095215,23.512998580932614,22.052000045776367,21.23600006103516,20.836000442504886,27.07999992370605,27.88800048828125,27.86199951171875,27.64799880981445,27.6299991607666,27.487998962402344,27.41399955749512,27.35999870300293,27.34700012207031,27.288000106811523,27.232999801635746,27.17099952697754,47.64500045776367,86.12699890136719,88.73999786376953,101.86100006103516,102.3030014038086,114.39600372314452,105.99500274658205,114.3479995727539,114.51599884033205,99.6760025024414,96.46099853515624,87.74400329589844,86.7760009765625,80.51200103759766,74.9990005493164,70.26100158691406,69.50299835205078,66.29900360107422,63.36700057983398,60.73300170898438,60.472999572753906,58.22600173950195,55.83300018310547,52.88600158691406
35.067001342773445,32.7239990234375,29.261999130249023,26.358999252319336,25.77400016784668,23.73200035095215,22.58199882507324,21.548999786376953,20.983999252319336,20.68099975585937,20.53299903869629,20.51499938964844,20.48699951171875,20.488000869750977,20.48600006103516,20.48499870300293,20.48200035095215,20.479999542236328,20.477998733520508,20.47800064086914,20.483999252319336,20.51499938964844,20.520999908447266,66.71800231933594,80.99700164794922,82.24600219726562,105.125,98.70099639892578,106.39099884033205,105.06600189208984,110.25299835205078,103.69499969482422,89.58599853515625,88.3489990234375,78.16699981689453,77.21900177001953,71.91400146484375,68.41300201416016,65.08000183105469,64.45899963378906,61.65399932861328,58.66699981689453,55.65499877929688,55.349998474121094,52.52299880981445,49.29899978637695,45.73699951171875
51.72000122070313,49.89099884033203,46.73400115966797,43.06100082397461,42.0369987487793,40.67200088500977,38.63899993896485,33.437999725341804,28.75,25.215999603271484,23.25899887084961,23.01099967956543,22.31100082397461,22.00200080871582,21.775999069213867,21.757999420166016,21.590999603271484,21.45699882507324,21.36899948120117,23.270999908447266,29.16200065612793,29.416000366210934,31.75200080871582,44.95500183105469,65.31099700927734,79.7490005493164,104.37100219726562,118.81500244140624,108.76399993896484,101.5510025024414,105.77200317382812,111.71700286865234,100.35700225830078,101.0989990234375,87.81199645996094,86.72899627685547,79.83399963378906,73.2020034790039,67.47000122070311,66.49700164794922,62.76300048828125,59.67900085449219,57.24399948120117,57.0359992980957,55.222999572753906,53.374000549316406,51.11800003051758
53.42399978637695,52.00500106811523,49.54199981689453,46.01599884033203,45.02199935913086,40.78099822998047,36.60900115966797,32.52700042724609,28.399999618530273,25.07699966430664,23.20199966430664,22.952999114990234,22.566999435424805,22.53700065612793,22.354000091552734,22.33300018310547,22.138999938964844,22.027999877929688,21.927000045776367,22.52599906921387,25.66699981689453,25.67799949645996,25.381000518798828,83.60700225830078,96.08000183105469,89.81300354003906,95.10299682617188,107.22599792480469,110.11900329589844,111.95899963378906,111.3030014038086,110.9290008544922,100.90799713134766,108.33999633789062,92.0469970703125,90.90699768066406,83.98600006103516,77.44400024414062,71.83999633789062,70.89900207519531,67.15899658203125,64.10700225830078,61.74800109863281,61.5260009765625,59.79999923706055,58.1870002746582,56.19200134277344
39.49300003051758,37.2859992980957,33.64299774169922,30.80599975585937,30.03199958801269,27.18899917602539,25.939998626708984,23.2189998626709,21.3799991607666,20.437000274658203,20.100000381469727,20.066999435424805,19.98900032043457,19.968000411987305,19.96500015258789,19.989999771118164,20.0,20.001998901367188,20.001998901367188,20.01099967956543,20.2549991607666,54.09299850463867,55.1510009765625,63.986000061035156,63.55699920654297,86.29399871826172,84.60800170898438,80.50499725341797,74.3479995727539,91.17400360107422,87.95500183105469,92.58000183105469,84.37999725341797,92.81999969482422,77.77300262451172,76.38999938964844,68.39299774169922,63.512001037597656,60.18099975585938,59.691001892089844,57.808998107910156,56.30799865722656,54.91699981689453,54.77199935913086,53.63299942016602,52.28799819946289,50.04199981689453
50.3489990234375,48.6879997253418,46.959999084472656,44.40499877929688,43.84600067138672,40.33399963378906,36.753997802734375,33.13199996948242,29.82600021362305,27.53400039672852,26.22799873352051,26.016000747680664,25.34000015258789,25.45199966430664,26.160999298095703,27.982999801635746,34.885997772216804,34.86899948120117,33.689998626708984,43.861000061035156,44.14799880981445,50.08700180053711,59.183998107910156,110.5709991455078,88.48600006103516,96.76699829101562,94.55500030517578,102.88099670410156,111.00299835205078,100.2959976196289,96.04900360107422,103.23799896240234,98.26000213623048,89.89199829101562,84.76499938964844,83.4469985961914,75.46299743652344,68.2969970703125,61.42599868774414,60.23899841308594,55.4370002746582,51.1150016784668,47.54299926757813,47.22900009155274,44.59600067138672,41.766998291015625,39.334999084472656
80.51599884033203,79.8759994506836,80.08200073242188,78.84099578857422,78.64099884033203,81.20600128173828,79.26699829101562,78.33699798583984,77.63400268554688,77.22999572753906,76.9229965209961,76.86599731445312,77.86900329589844,77.12899780273438,76.56199645996094,77.4540023803711,76.64199829101562,76.2770004272461,76.19599914550781,77.28499603271484,78.71599578857422,95.28199768066406,90.46700286865234,95.7490005493164,92.00700378417969,111.25499725341795,101.8239974975586,101.51699829101562,95.76499938964844,104.69499969482422,101.65299987792969,107.80699920654295,99.19100189208984,108.03500366210938,95.91899871826172,95.3290023803711,91.98899841308594,89.60600280761719,87.91500091552734,87.63500213623047,87.34500122070312,85.88099670410156,84.89299774169922,84.80899810791016,86.44200134277344,84.11499786376953,83.18399810791016
56.15499877929688,54.64199829101562,51.9119987487793,48.40499877929688,47.40800094604492,43.32400131225586,39.45100021362305,35.572998046875,32.222000122070305,29.76599884033203,28.51499938964844,28.36199951171875,28.091999053955078,27.868999481201172,27.726999282836914,27.770999908447266,27.62800025939941,27.53299903869629,27.468000411987305,35.697998046875,39.78099822998047,40.11000061035156,40.11299896240234,61.55799865722656,78.5459976196289,83.8740005493164,103.15499877929688,115.33499908447266,114.40799713134766,102.0260009765625,99.90399932861328,115.97599792480469,100.75800323486328,100.6790008544922,88.4020004272461,87.47599792480469,80.98699951171875,74.87699890136719,69.70800018310547,68.86399841308594,65.71900177001953,63.2750015258789,61.49499893188477,61.34199905395508,60.099998474121094,58.862998962402344,57.01100158691406
59.06599807739258,57.73400115966797,56.624000549316406,55.81599807739258,55.11899948120117,50.07999801635742,44.540000915527344,39.00699996948242,33.542999267578125,29.21299934387207,26.56399917602539,26.211000442504886,25.107999801635746,24.819000244140625,24.618000030517575,24.90299987792969,30.838998794555664,30.862998962402344,30.49499893188477,51.97999954223633,52.02799987792969,49.45100021362305,46.93099975585938,97.91799926757812,89.3239974975586,104.93099975585938,106.34500122070312,119.4010009765625,118.51399993896484,114.59400177001952,105.88600158691406,115.2699966430664,104.72200012207031,95.01699829101562,88.052001953125,86.89700317382812,80.1780014038086,74.1760025024414,68.56800079345703,67.65200042724611,63.97000122070313,60.88800048828125,58.441001892089844,58.22000122070313,56.30500030517578,54.15700149536133,51.76499938964844
56.53099822998047,54.4739990234375,51.11000061035156,46.70899963378906,45.62199783325195,40.77899932861328,36.85099792480469,32.39299774169922,28.66499900817871,25.9379997253418,24.37800025939941,24.163000106811523,23.59900093078613,23.55200004577637,23.39099884033203,23.375,23.261999130249023,23.173999786376953,23.11400032043457,23.239999771118164,23.697999954223636,25.37899971008301,25.582000732421875,50.22700119018555,49.05699920654297,92.41699981689452,101.3499984741211,102.6959991455078,98.59300231933594,100.2969970703125,98.34400177001952,104.61900329589844,94.05500030517578,91.95700073242188,81.86000061035156,80.72799682617188,73.50700378417969,67.90399932861328,62.8120002746582,61.99300003051758,58.95399856567383,56.45399856567383,54.45199966430664,54.28400039672852,52.7509994506836,51.04199981689453,48.70800018310547
55.75600051879883,54.32999801635742,51.63800048828125,47.81399917602539,46.77000045776367,42.229000091552734,38.7599983215332,34.69499969482422,30.09000015258789,26.167999267578125,23.9060001373291,23.604999542236328,23.18199920654297,23.15900039672852,22.98699951171875,22.961000442504886,22.711000442504886,22.65699958801269,22.566999435424805,32.81399917602539,34.036998748779304,33.90200042724609,33.080001831054695,92.69200134277344,100.80999755859376,96.11100006103516,104.29199981689452,113.13700103759766,113.90899658203124,113.05599975585938,107.29499816894531,114.95500183105469,100.76499938964844,104.96499633789062,90.56099700927734,89.45600128173828,82.47699737548828,76.01200103759766,70.4530029296875,69.53199768066406,65.91999816894531,63.02099990844727,60.84500122070313,60.64799880981445,59.11700057983398,57.63199996948242,55.71900177001953
50.3489990234375,48.6879997253418,46.959999084472656,44.40499877929688,43.84600067138672,40.33399963378906,36.753997802734375,33.13199996948242,29.82600021362305,27.53400039672852,26.22799873352051,26.016000747680664,25.34000015258789,25.45199966430664,26.160999298095703,27.982999801635746,34.885997772216804,34.86899948120117,33.689998626708984,43.861000061035156,44.14799880981445,50.08700180053711,59.183998107910156,110.5709991455078,88.48600006103516,96.76699829101562,94.55500030517578,102.88099670410156,111.00299835205078,100.2959976196289,96.04900360107422,103.23799896240234,98.26000213623048,89.89199829101562,84.76499938964844,83.4469985961914,75.46299743652344,68.2969970703125,61.42599868774414,60.23899841308594,55.4370002746582,51.1150016784668,47.54299926757813,47.22900009155274,44.59600067138672,41.766998291015625,39.334999084472656
50.85400009155274,48.10599899291992,43.8120002746582,40.77000045776367,39.82999801635742,35.88800048828125,32.718997955322266,28.77400016784668,25.934999465942386,23.911998748779297,22.74099922180176,22.590999603271484,22.17300033569336,22.0,21.89299964904785,21.886999130249023,21.85099983215332,21.83099937438965,21.814998626708984,21.810998916625977,21.82999992370605,26.608999252319336,27.125,56.32300186157226,63.2859992980957,101.14600372314452,99.4980010986328,94.75599670410156,84.5780029296875,98.3489990234375,100.1719970703125,113.5,96.68399810791016,95.08200073242188,86.18900299072266,85.26300048828125,79.18099975585938,74.00499725341797,69.89600372314453,69.20600128173828,66.17900085449219,63.178001403808594,60.41699981689453,60.13000106811523,57.7400016784668,55.2750015258789,52.26599884033203
55.74599838256836,53.62099838256836,49.64599990844727,45.7959976196289,44.68299865722656,40.461997985839844,37.257999420166016,33.001998901367195,29.13399887084961,26.072999954223636,24.19999885559082,23.952999114990234,23.38400077819824,23.36100006103516,23.187000274658203,23.17099952697754,23.03899955749512,22.99099922180176,22.95199966430664,22.941999435424805,22.90799903869629,26.54800033569336,26.965999603271484,45.459999084472656,74.4260025024414,108.21700286865234,103.1500015258789,112.61599731445312,108.8560028076172,112.5,108.22799682617188,114.18099975585938,98.56800079345705,95.7519989013672,87.44100189208984,86.48200225830078,80.51799774169922,75.33200073242188,71.25900268554688,70.64399719238281,68.02100372314453,66.01999664306639,64.04199981689453,63.834999084472656,62.15399932861328,60.75500106811523,58.3849983215332
55.76300048828125,54.33599853515625,51.96699905395508,49.65399932861328,48.77899932861328,44.10900115966797,39.141998291015625,34.21799850463867,29.36100006103516,25.56599998474121,23.47799873352051,23.207000732421875,22.517000198364254,22.423999786376953,22.194000244140625,22.171998977661133,22.45800018310547,22.64299964904785,22.667999267578125,27.76499938964844,31.65500068664551,32.566001892089844,32.501998901367195,80.19599914550781,100.55899810791016,101.15899658203124,107.61599731445312,125.93000030517578,120.90599822998048,113.96099853515624,102.53600311279295,118.25800323486328,100.44200134277344,99.6269989013672,89.66100311279297,88.51599884033203,81.40399932861328,74.83999633789062,69.04299926757811,68.07499694824219,64.26499938964844,60.99599838256836,58.53400039672852,58.316001892089844,56.53499984741211,54.78400039672852,52.57699966430664
43.17399978637695,41.15599822998047,37.73999786376953,35.097000122070305,34.29700088500977,31.197999954223636,29.52700042724609,26.23900032043457,23.34499931335449,21.45499992370605,20.66699981689453,20.57900047302246,20.538000106811523,20.621000289916992,20.625999450683594,20.65999984741211,20.65900039672852,20.650999069213867,20.6299991607666,20.623998641967773,20.96999931335449,45.974998474121094,46.45899963378906,70.76200103759766,78.79000091552734,96.822998046875,90.25499725341795,94.48799896240234,82.18599700927734,101.01799774169922,98.70700073242188,102.7249984741211,95.11699676513672,101.6439971923828,87.0530014038086,85.72899627685547,78.6729965209961,73.71900177001953,69.55300140380861,68.91400146484375,66.23300170898439,64.17900085449219,62.26499938964844,62.06999969482422,60.5260009765625,59.45100021362305,57.165000915527344
43.4379997253418,41.003997802734375,37.72999954223633,36.2130012512207,35.57400131225586,32.194000244140625,31.718000411987305,31.513999938964844,28.708999633789066,26.048999786376953,25.30099868774414,26.53199958801269,30.34900093078613,29.79599952697754,28.084999084472656,28.729999542236328,29.19499969482422,28.43400001525879,27.06399917602539,39.4119987487793,40.15599822998047,38.19900131225586,37.0009994506836,75.65799713134766,55.486000061035156,87.50199890136719,81.05699920654297,85.69499969482422,93.27799987792969,97.14800262451172,93.5790023803711,94.28299713134766,89.86499786376953,110.72000122070312,87.18499755859375,85.51599884033203,75.65299987792969,68.34799957275389,61.6520004272461,60.54899978637695,57.78900146484375,53.73099899291992,50.31499862670898,50.00400161743164,47.6510009765625,45.47999954223633,43.28799819946289
54.99599838256836,53.71099853515625,51.32500076293945,47.58599853515625,46.597999572753906,42.09700012207031,37.39500045776367,33.06800079345703,28.833999633789066,25.410999298095703,23.45100021362305,23.191999435424805,22.665000915527344,22.618000030517575,22.482999801635746,22.46199989318848,22.66499900817871,22.709999084472656,22.6929988861084,33.843997955322266,37.178001403808594,37.18199920654297,36.52799987792969,98.1230010986328,95.8759994506836,95.98699951171876,104.8560028076172,116.99199676513672,119.6500015258789,112.36900329589844,103.74600219726562,114.29299926757812,104.11699676513672,99.54299926757812,89.09200286865234,87.9800033569336,80.9489974975586,74.66100311279297,69.03900146484375,68.11199951171875,64.49299621582031,61.53200149536133,59.3380012512207,59.14099884033203,57.58700180053711,56.10100173950195,54.21500015258789
56.665000915527344,54.63100051879883,50.74599838256836,48.34600067138672,47.35499954223633,43.23400115966797,40.07099914550781,35.03300094604492,30.81599998474121,27.36699867248535,25.17499923706055,24.886999130249023,24.141000747680664,23.91900062561035,23.743000030517575,23.72900009155273,23.643999099731445,23.62100028991699,23.60000038146973,23.601999282836914,23.6200008392334,40.73400115966797,40.97600173950195,57.08100128173828,67.20400238037111,99.43099975585938,96.93099975585938,96.58499908447266,98.18399810791016,103.55500030517578,100.59700012207031,113.30599975585938,96.8479995727539,96.60199737548828,86.77799987792969,85.81500244140625,79.58399963378906,74.23600006103516,70.12100219726561,69.48200225830078,66.88700103759766,64.89800262451172,62.99200057983398,62.79299926757813,61.21200180053711,59.74300003051758,57.49200057983398
50.19099807739258,48.10099792480469,44.95600128173828,41.29999923706055,40.4010009765625,36.61199951171875,33.24100112915039,29.78400039672852,27.13999938964844,25.02799987792969,23.82199859619141,23.65399932861328,23.1560001373291,22.94599914550781,22.77700042724609,22.762998580932614,22.645999908447266,22.58799934387207,22.54999923706055,23.00199890136719,24.961000442504886,45.0359992980957,45.4010009765625,48.55099868774414,47.18500137329102,98.74500274658205,108.4229965209961,103.58599853515624,94.68499755859376,102.02999877929688,95.10700225830078,109.14299774169922,95.36900329589844,94.1729965209961,82.50499725341797,81.38099670410156,73.43199920654297,66.29199981689453,59.45199966430664,58.31700134277344,53.76499938964844,49.90499877929688,46.83100128173828,46.57899856567383,44.486000061035156,42.54600143432617,40.38999938964844
51.54199981689453,49.79100036621094,46.68000030517578,43.132999420166016,42.12099838256836,38.0880012512207,35.447998046875,31.67700004577637,27.882999420166016,24.75199890136719,23.020999908447266,22.79800033569336,22.229000091552734,22.100000381469727,21.9379997253418,21.924999237060547,21.83799934387207,21.779998779296875,21.73600006103516,21.796998977661133,21.981000900268555,22.179000854492188,23.72599983215332,63.51599884033203,79.27300262451172,87.2300033569336,96.94200134277344,110.5749969482422,105.02100372314452,115.197998046875,105.47200012207031,111.39700317382812,96.81700134277344,97.02400207519531,86.2030029296875,85.20600128173828,78.6989974975586,73.1780014038086,68.46099853515625,67.73600006103516,64.90200042724611,62.72999954223633,61.08399963378906,60.92200088500977,59.63999938964844,58.19499969482422,56.112998962402344
39.6619987487793,37.09000015258789,33.027999877929695,30.14099884033203,29.347999572753906,26.50399971008301,25.524999618530273,23.292999267578125,22.073999404907227,21.18199920654297,20.701000213623047,20.643999099731445,20.493000030517575,20.444000244140625,20.420000076293945,20.55500030517578,20.65399932861328,20.666000366210934,20.67099952697754,20.70699882507324,21.40699958801269,74.37100219726562,70.65899658203125,70.74199676513672,65.88899993896484,107.03700256347656,95.13300323486328,89.89399719238281,80.2490005493164,93.02200317382812,88.81600189208984,103.63400268554688,87.6969985961914,95.00800323486328,80.79499816894531,79.70500183105469,73.71600341796875,69.23699951171875,66.30999755859375,65.86499786376953,64.08999633789061,62.54299926757813,60.91400146484375,60.72000122070313,59.14500045776367,57.11399841308594,54.18999862670898
55.072998046875,53.1870002746582,49.85200119018555,45.76399993896485,44.64599990844727,40.94400024414063,38.89099884033203,34.062000274658196,29.73200035095215,26.40900039672852,24.43899917602539,24.17700004577637,23.41399955749512,23.10700035095215,22.840999603271484,22.8179988861084,22.608999252319336,22.43000030517578,22.319000244140625,23.69099998474121,30.343000411987305,32.444000244140625,32.577999114990234,41.06800079345703,45.51800155639648,83.69100189208984,104.21800231933594,116.18699645996094,101.5540008544922,95.11799621582031,101.93399810791016,112.27300262451172,98.91100311279295,97.63600158691406,86.06199645996094,84.84600067138672,77.4229965209961,70.70999908447266,64.95899963378906,63.97999954223633,60.3120002746582,57.35300064086914,55.012001037597656,54.81399917602539,53.066001892089844,51.22200012207031,48.93600082397461
48.7509994506836,45.89400100708008,41.0890007019043,38.11399841308594,37.13100051879883,33.192001342773445,31.05799865722656,27.187000274658203,24.93199920654297,22.9739990234375,21.86899948120117,21.73600006103516,21.378000259399414,21.24399948120117,21.178998947143555,21.28499984741211,21.3179988861084,21.31599998474121,21.321998596191406,21.38399887084961,21.86400032043457,64.06500244140625,64.11599731445311,73.78900146484375,61.35100173950195,96.73400115966795,89.15499877929688,96.9540023803711,86.11900329589844,98.76100158691406,87.62100219726562,103.76799774169922,89.08200073242188,91.70600128173828,80.25599670410156,79.26699829101562,73.35600280761719,69.09700012207031,66.21600341796875,65.76300048828125,63.861000061035156,61.96699905395508,60.06900024414063,59.85300064086914,58.09199905395508,56.15700149536133,53.28799819946289
