0.007090100087225437,0.009303408674895763,0.00827022083103657,0.009568099863827229,0.008264484815299511,0.008965674787759781,0.009754224680364132,0.011571753770112991,0.012925836257636549,0.008895209059119225,0.0047636651434004315,0.009523755974239774,0.01190527342259884,0.011141262017190456,0.007032511755824089,0.0032689841464161873,0.01221787091344595,0.017547052353620533,0.016649749130010605,0.012157583609223366,0.014856423251330853,0.01115403757430613,0.018040480092167854,0.02067108266055584,0.017827032133936882,0.02163655310869217,0.02165953442454338,0.02158348448574543,0.021281607449054718,0.02022749558091164,0.02217896655201912,0.02092999666929245,0.02419373020529747,0.023400010541081432,0.021232495084404945,0.023041673004627228,0.02065360173583031,0.01874292641878128,0.020490242168307304,0.017967171967029568,0.009689991362392902,0.017223849520087244,0.008892654441297054,0.0081277284771204,0.007378694601356983,0.00937233678996563,0.009439253248274326
0.007370099890977143,0.008479001000523567,0.006265602074563503,0.00874538253992796,0.008667937479913235,0.008235443383455276,0.01134060136973858,0.010665730573236942,0.011592532508075236,0.008497350849211216,0.005057639442384243,0.009040258980045715,0.010268205776810646,0.0070112617686390885,0.007314258720725775,0.0026267515495419502,0.012519137002527714,0.014363105408847332,0.017141183838248253,0.013791343197226523,0.015345036052167416,0.010543792275711894,0.01773758977651596,0.020147964358329773,0.0172470323741436,0.02043057233095169,0.02201252058148384,0.021383484825491902,0.021028297021985054,0.02130529657006264,0.02224959433078766,0.020480608195066453,0.0212637297809124,0.02149048447608948,0.01994951069355011,0.01879403181374073,0.01883053034543991,0.018082927912473682,0.01901024207472801,0.008517172187566755,0.008450890891253948,0.014697869308292866,0.00699265394359827,0.006860248744487762,0.006228694692254066,0.0058823367580771455,0.008804677985608578
0.007370099890977143,0.009743408299982548,0.007420221343636513,0.00937809981405735,0.007584950421005486,0.008125674910843372,0.01007422525435686,0.011554641649127008,0.012835836037993431,0.008585209026932716,0.004849988035857678,0.009343017513553301,0.013255520723760128,0.017401261255145073,0.006662511732429266,0.0031989843118935823,0.012657870538532734,0.01817898452281952,0.01826118305325508,0.012299847789108751,0.016088934615254402,0.012285508657805621,0.018174173310399052,0.020651083439588547,0.018209153786301613,0.02153655327856541,0.021864499896764755,0.02165200188755989,0.02171160839498043,0.020625296980142597,0.02207306213676929,0.020907116308808326,0.02257372997701168,0.023280009627342224,0.021574527025222782,0.02167060039937496,0.021753722801804543,0.019052926450967792,0.020400241017341614,0.016927171498537064,0.009849991649389269,0.017110766004770996,0.008352654054760933,0.008245815522968769,0.008078694343566895,0.009352486580610277,0.009559253230690956
0.00849009957164526,0.008493025787174702,0.008678972721099855,0.010698099620640278,0.008654950186610222,0.007857384160161018,0.009773987345397472,0.01055175345391035,0.011865836568176745,0.0073269219137728206,0.006677889265120029,0.009451567712757323,0.013896229676902294,0.016481351107358932,0.006301300600171089,0.0034167517442256212,0.013709407299757006,0.01849948614835739,0.017271459102630615,0.013828837312757969,0.017966091632843018,0.012804880389012396,0.020631060004234314,0.020390432327985764,0.020355224609375,0.0222969613969326,0.02242698334157467,0.02235749922692776,0.020624183118343357,0.021609948948025703,0.0227221604436636,0.021477068960666656,0.02135623618960381,0.02323048375546932,0.0234847329556942,0.022591672837734226,0.020758716389536858,0.018132926896214485,0.02063325233757496,0.0169671718031168,0.010453209280967712,0.017215991206467152,0.007500017061829567,0.008407728746533394,0.008402584120631218,0.010238129645586014,0.010039253160357477
0.007062011864036322,0.009150655940175056,0.008350221440196037,0.00972809921950102,0.008181247860193253,0.009695675224065779,0.011007706634700298,0.01219464186578989,0.012415844015777113,0.008173889480531216,0.005063665099442004,0.009754011562714974,0.010438205674290657,0.006784002762287854,0.007542511913925409,0.0030989842489361767,0.011889407411217691,0.017767051234841347,0.016311056911945343,0.012737583369016649,0.014346422627568243,0.010597889125347138,0.01754047907888889,0.021011082455515858,0.017507031559944153,0.02079928852617741,0.021561188623309132,0.02153729274868965,0.02087749540805817,0.02133994922041893,0.021813781931996342,0.02058013193309307,0.021813729777932167,0.02231000922620296,0.02016473188996315,0.021180601790547367,0.02068360336124897,0.019342927262187004,0.01935331150889397,0.01781437359750271,0.008529991842806341,0.0164949846919626,0.007862653583288194,0.0077076428569853314,0.007865997031331062,0.008880834095180035,0.010039253160357477
0.007052158471196891,0.008819611743092537,0.008480221033096312,0.00965809915214777,0.008291248232126236,0.009385675191879272,0.010397706180810928,0.012174641713500023,0.01345583610236645,0.00855692196637392,0.005073665175586939,0.009746133091135157,0.010336222127079964,0.00672400277107954,0.007452511694282293,0.0031889842357486486,0.012349407188594341,0.017617052420973778,0.016281057149171833,0.01262758392840624,0.014176422730088234,0.01058269094210118,0.017900479957461357,0.02080108225345612,0.017697030678391457,0.021545520052313805,0.02193119004368782,0.0216320026665926,0.021121608093380928,0.020559949800372124,0.022073781117796898,0.0207736374810338,0.022473730146884918,0.023880485445261,0.02053249441087246,0.022471671923995015,0.020823603495955467,0.019332926720380783,0.02021024189889431,0.01872437447309494,0.00911606289446354,0.01714222440496087,0.008272654376924038,0.008057728409767151,0.0072359973564744,0.009150833822786808,0.009869253262877464
0.007278979290276766,0.00925340875983238,0.008059686049818994,0.010068099945783615,0.007817783392965794,0.010054042562842369,0.010323112830519676,0.011121753603219986,0.012505844235420229,0.009946921840310095,0.005025516729801893,0.009609190074519979,0.0132652735337615,0.015241261571645737,0.0068773613311350346,0.003136923070997,0.012649137526750565,0.01836310513317585,0.017491184175014496,0.012059847824275494,0.016405120491981506,0.012051473138853908,0.018307588994503018,0.019748356193304062,0.018057031556963917,0.02111239917576313,0.021270429715514183,0.021446041762828827,0.021331608295440674,0.02075483649969101,0.0219330620020628,0.020626508444547654,0.02230373024940491,0.024460485205054283,0.022320736199617386,0.02164623886346817,0.022453723475337032,0.01938292756676674,0.02048325166106224,0.01810717210173607,0.010049020871520042,0.017683093249797822,0.008992654271423817,0.008934722281992434,0.007654596120119096,0.009481220506131649,0.009349253028631209
0.006152158603072166,0.00816834531724453,0.006870221346616745,0.008508099243044853,0.007891095243394375,0.007995443418622017,0.010760601609945296,0.009151271544396877,0.011307005770504476,0.010117350146174429,0.005655516870319843,0.008533804677426815,0.013231957331299782,0.009564013220369816,0.0064568654634058475,0.002645281609147787,0.013372722081840038,0.014747051522135738,0.017631182447075844,0.014771784655749796,0.01674642227590084,0.011482279747724533,0.01936384104192257,0.020731082186102867,0.019639205187559128,0.021466722711920738,0.02208450064063072,0.021797293797135357,0.021471608430147168,0.023206224665045738,0.02451249957084656,0.021880670823156832,0.02453373000025749,0.023680483922362328,0.02088765054941177,0.021936239674687386,0.019624456763267517,0.018192926421761516,0.020890241488814357,0.016357172280550003,0.00834138784557581,0.016589597333222628,0.00813001673668623,0.007855397649109364,0.009205922484397888,0.009101220406591892,0.009414241649210451
0.008560099638998508,0.008633024990558624,0.00844897236675024,0.010738099925220013,0.00819495040923357,0.008227383717894554,0.009773987345397472,0.011431753635406494,0.011745844036340714,0.007186921779066323,0.006245516706258058,0.009528235118422244,0.013325520791113377,0.015311350114643575,0.006371300667524339,0.003226751694455743,0.013569407165050508,0.01759948581457138,0.017101183533668518,0.013668837025761604,0.017706090584397316,0.01241254440974444,0.019477589055895802,0.02060043253004551,0.020355224609375,0.022026961669325832,0.02245214395225048,0.023374617099761963,0.020671607926487926,0.02132994867861271,0.02297693490982056,0.021460919082164763,0.02134373039007187,0.023710010573267937,0.02336073666810989,0.021411672234535217,0.020257560536265373,0.017614755779504776,0.020223060622811317,0.016877172514796257,0.010143209248781204,0.01690759239718318,0.007430016994476318,0.008047728799283504,0.00810908991843462,0.009701220318675041,0.010039253160357477
0.0072801001369953156,0.009385501965880394,0.007130220998078585,0.008958099409937859,0.007744950242340566,0.008406954817473887,0.010027706623077393,0.011264641769230366,0.01253584399819374,0.008442160673439503,0.0053304992616176605,0.009192668884578679,0.01343552116304636,0.015961261466145515,0.006226669996976852,0.0027789841406047344,0.012499406933784485,0.017358984798192978,0.01834118366241455,0.013958836905658243,0.017148934304714203,0.012304028263315558,0.017754822969436646,0.02096108347177505,0.018969153985381126,0.02144324965775013,0.02175449952483177,0.02182348445057869,0.02251160703599453,0.021274818107485768,0.02323250100016594,0.021216895058751108,0.022443730384111404,0.021990010514855385,0.020917650312185287,0.021536240354180336,0.02051360346376896,0.019322928041219708,0.020340241491794583,0.017117172479629517,0.009749020449817179,0.016781898308545352,0.008032654412090778,0.00829946156591177,0.009218694642186165,0.009177668951451778,0.009749253280460836
0.007072158623486756,0.010133408010005951,0.008060221560299397,0.00929809920489788,0.007731094956398009,0.009493906050920486,0.009530601091682913,0.01139175333082676,0.01225583627820015,0.009366922080516815,0.004843665286898613,0.009440786567413144,0.012465273030102251,0.013731261715292929,0.006562511902302504,0.003258984303101897,0.012487870641052723,0.017198983579874042,0.016759749501943588,0.012228837236762049,0.015265121124684809,0.01148022583220154,0.01820624992251396,0.020291082561016083,0.017837030813097954,0.021579783409833908,0.021529534831643105,0.021463710814714432,0.020631607621908188,0.0202142633497715,0.022138966247439384,0.020726596005260944,0.023373730480670932,0.02398001030087471,0.02134249359369278,0.022051671519875526,0.022123722359538082,0.018802927806973457,0.02009306102991104,0.017757171764969826,0.010019991546869278,0.01734084263443947,0.00885265413671732,0.00838472228497267,0.007048694416880608,0.009267669171094894,0.009299253113567827
0.0072801001369953156,0.009385501965880394,0.007130220998078585,0.008958099409937859,0.007744950242340566,0.008406954817473887,0.010027706623077393,0.011264641769230366,0.01253584399819374,0.008442160673439503,0.0053304992616176605,0.009192668884578679,0.01343552116304636,0.015961261466145515,0.006226669996976852,0.0027789841406047344,0.012499406933784485,0.017358984798192978,0.01834118366241455,0.013958836905658243,0.017148934304714203,0.012304028263315558,0.017754822969436646,0.02096108347177505,0.018969153985381126,0.02144324965775013,0.02175449952483177,0.02182348445057869,0.02251160703599453,0.021274818107485768,0.02323250100016594,0.021216895058751108,0.022443730384111404,0.021990010514855385,0.020917650312185287,0.021536240354180336,0.02051360346376896,0.019322928041219708,0.020340241491794583,0.017117172479629517,0.009749020449817179,0.016781898308545352,0.008032654412090778,0.00829946156591177,0.009218694642186165,0.009177668951451778,0.009749253280460836
0.0071900999173522,0.009163408540189266,0.00763022108003497,0.009038099087774755,0.0075449501164257535,0.008065049536526203,0.010224224999547005,0.011574641801416874,0.012405844405293465,0.007952161133289337,0.005310499109327793,0.009204059942728944,0.013545520603656769,0.015991261228919033,0.006313131656497717,0.002898984123021364,0.012617870233953,0.017978984862565994,0.01850118301808834,0.013718836940824986,0.017148934304714203,0.012402520608156919,0.018084174022078514,0.020639270544052124,0.01889915391802788,0.02089655213057995,0.021724499762058255,0.0221134852617979,0.022131606936454773,0.02123255841434002,0.022136934101581573,0.021098196506500244,0.02312372997403145,0.023350484669208527,0.022054526954889297,0.02172623947262764,0.0218537226319313,0.018692927435040474,0.019940242171287537,0.016207171604037285,0.009948269464075564,0.017070205323398112,0.007972653955221176,0.008955814875662327,0.00876869447529316,0.00914248637855053,0.009799253195524216
0.007462011650204658,0.008055523969233036,0.006664838176220656,0.008925382979214191,0.008787937462329866,0.008335675112903118,0.011111830361187458,0.009495730511844158,0.01120026595890522,0.008140787482261658,0.00509763928130269,0.00889324402022693,0.009568206034600736,0.008009505458176136,0.007284258957952261,0.00281078671105206,0.01246913708746433,0.012366010807454586,0.01642567478120327,0.0139213427901268,0.016695035621523857,0.010464759753085673,0.018077589571475983,0.01936030015349388,0.01756703108549118,0.02165057323873043,0.02125728316605091,0.02186200208961964,0.02108829654753208,0.02123700827360153,0.021414970979094502,0.020414435118436814,0.020629296079277992,0.021880485117435452,0.020489510148763657,0.01880403235554695,0.01847514696419239,0.017202382907271385,0.017403412610292438,0.00801475252956152,0.008418867364525795,0.014439149247482418,0.006922653876245022,0.006780248600989579,0.0054038423113524905,0.005378854926675558,0.008474677801132202
0.008421801961958408,0.010223408229649069,0.008650220930576323,0.00924668274819851,0.008476494811475277,0.009142624214291573,0.009761829860508442,0.009741753339767456,0.011987003497779371,0.008465209044516088,0.008195516653358936,0.009516868843800493,0.014706229791045187,0.01459104847162962,0.006487361621111631,0.003735281527042389,0.012712002731859684,0.018533753231167797,0.018191182985901836,0.01283523254096508,0.017258934676647186,0.012724654423072934,0.020561059936881062,0.020506558939814568,0.018767030909657482,0.021826960146427155,0.022264501079916958,0.022023165598511696,0.02102160826325417,0.02123255841434002,0.02164645306766033,0.021222059801220893,0.022370701655745503,0.024840010330080986,0.023150736466050148,0.0229116715490818,0.0221337229013443,0.019760685041546818,0.020593252032995224,0.01771717332303524,0.01164826937019825,0.01815147455781698,0.00903001707047224,0.009729207493364813,0.009362583979964256,0.009021220728754996,0.009369253180921078
0.007589748594909906,0.008688345551490784,0.006795601919293404,0.008835382759571075,0.008267521858215332,0.00895544420927763,0.011843986809253693,0.010346556082367895,0.011700266040861608,0.008257350884377956,0.00509763928130269,0.009224761536137925,0.00974622182548046,0.007891261950135231,0.007146670017391444,0.004081044811755419,0.011859137564897535,0.014757052063941956,0.016121182590723038,0.014561784453690054,0.01516712922602892,0.010642912378534675,0.017717590555548668,0.02089102193713188,0.01739703118801117,0.02068793773651123,0.02147728390991688,0.0218220017850399,0.021681606769561768,0.021317008882761,0.022254755720496174,0.020658996887505054,0.02134373039007187,0.021400010213255882,0.020294731482863426,0.01955060102045536,0.018755463883280758,0.01841292716562748,0.018310025334358212,0.009974752552807331,0.008420598693192005,0.014890206046402454,0.006700603757053614,0.007082346361130477,0.006385922897607088,0.006500833667814732,0.00975925289094448
0.0076989796943962565,0.009233408607542515,0.007880221121013166,0.009048099629580976,0.007856494747102259,0.008633906021714209,0.010401764884591104,0.010721753351390362,0.012455844320356846,0.008886922150850296,0.005595516879111528,0.009325608041965298,0.013514253310859205,0.014841261319816113,0.006292511709034443,0.0033339469227939844,0.013443516567349434,0.017818983644247055,0.01858118362724781,0.012179847806692123,0.016518933698534966,0.012211995548568666,0.018807590007781986,0.020449269562959668,0.018397031351923943,0.021182399243116382,0.021690430119633675,0.021770920604467392,0.021651607006788254,0.020667495205998417,0.02264693565666676,0.021053740940988063,0.02327373065054417,0.02442048490047455,0.02331961877644062,0.02175060100853443,0.02211372368037701,0.018842926248908043,0.020490242168307304,0.017327172681689262,0.010468269698321821,0.017520041577517985,0.007992654107511044,0.008474722504615784,0.007584596052765845,0.00949122104793787,0.00968925282359123
0.005928763654083014,0.008543025702238083,0.008144799619913101,0.008614621125161648,0.008373164571821691,0.007619509939104319,0.011854764074087143,0.00979573093354702,0.012683368287980556,0.007836922071874142,0.005660499446094036,0.009061971989770731,0.00914802495390177,0.008436068892478945,0.007400519214570522,0.0044610449112951756,0.01352319959551096,0.013466010801494122,0.016142291948199272,0.013837583363056185,0.015203299932181837,0.010727854305878281,0.018863312900066376,0.020451083779335025,0.018789205700159076,0.02115787006914616,0.0226511899381876,0.022093484178185463,0.021471608430147168,0.02318484708666801,0.022062500938773155,0.021234611235558986,0.02162100933492184,0.021000010892748836,0.020954731851816174,0.019493494182825092,0.017529703676700592,0.01658238284289837,0.018943412229418755,0.007498024497181176,0.006553535349667072,0.01410236074589193,0.006652496755123138,0.005815815180540085,0.004796038847416639,0.006677661556750536,0.00793882180005312
0.007392011582851409,0.008289000950753689,0.007078526075929403,0.008996683172881603,0.00875793769955635,0.008325675502419472,0.011280601844191551,0.009739141911268234,0.011407462880015371,0.007990787737071514,0.005087639205157757,0.009029671291096343,0.009428205899894238,0.00762950535863638,0.007424259092658758,0.002650786656886339,0.012679137289524078,0.012106010690331459,0.01691567339003086,0.013051343150436878,0.015785036608576775,0.010275759734213352,0.01741758920252323,0.019607964903116226,0.017259204760193825,0.021360572427511212,0.021305948495864868,0.021742001175880432,0.0211525447666645,0.021415296941995617,0.022114969789981842,0.02041053883731365,0.020729295909404755,0.0211000107228756,0.020479511469602585,0.018934031948447227,0.01857053115963936,0.017294691875576973,0.017980242148041725,0.00842475239187479,0.008228867314755917,0.014474001526832581,0.006802653893828392,0.006924722343683243,0.00553415808826685,0.005648854654282332,0.0084492526948452
0.007072158623486756,0.010133408010005951,0.008060221560299397,0.00929809920489788,0.007731094956398009,0.009493906050920486,0.009530601091682913,0.01139175333082676,0.01225583627820015,0.009366922080516815,0.004843665286898613,0.009440786567413144,0.012465273030102251,0.013731261715292929,0.006562511902302504,0.003258984303101897,0.012487870641052723,0.017198983579874042,0.016759749501943588,0.012228837236762049,0.015265121124684809,0.01148022583220154,0.01820624992251396,0.020291082561016083,0.017837030813097954,0.021579783409833908,0.021529534831643105,0.021463710814714432,0.020631607621908188,0.0202142633497715,0.022138966247439384,0.020726596005260944,0.023373730480670932,0.02398001030087471,0.02134249359369278,0.022051671519875526,0.022123722359538082,0.018802927806973457,0.02009306102991104,0.017757171764969826,0.010019991546869278,0.01734084263443947,0.00885265413671732,0.00838472228497267,0.007048694416880608,0.009267669171094894,0.009299253113567827
0.00710010016337037,0.009115501306951046,0.007160221226513386,0.008848099038004875,0.007712434977293014,0.008435049094259739,0.009867706336081028,0.011384641751646996,0.01236584410071373,0.00817216094583273,0.005540499463677406,0.009109955332759354,0.013375520706176758,0.015661261975765232,0.006236898712813854,0.002758984221145511,0.012709407135844229,0.017328985035419464,0.01835118420422077,0.014198836870491503,0.01752893440425396,0.01236905127298087,0.017784172669053078,0.02053926885128021,0.019189152866601944,0.02112928777933121,0.021686391904950145,0.02183348499238491,0.022411607205867767,0.021134817972779274,0.022096935659646988,0.02093988489359617,0.0215937290340662,0.0220200102776289,0.020847650244832042,0.021466240286827087,0.020483722910285,0.01849292777478695,0.020140241831541058,0.01640717312693596,0.009648269973695278,0.016609835252165795,0.0078426543623209,0.008749461732804775,0.009188694879412651,0.009287661872804165,0.009769253432750702
0.007156387437134981,0.008763408288359642,0.008050221018493177,0.00912809930741787,0.007896495051681995,0.008183905854821205,0.010091764852404594,0.01113175321370363,0.012285844422876837,0.008046922273933887,0.005785516928881407,0.009187542160765992,0.013624253682792187,0.015011261217296125,0.006313131656497717,0.0032666695769876237,0.013263516128063202,0.017808984965085983,0.018401183187961582,0.012928836978971958,0.016986090689897537,0.012338944501243532,0.01894759014248848,0.020849268883466717,0.018987031653523445,0.021146552637219432,0.021666983142495155,0.021653484553098682,0.021641608327627185,0.021084818989038467,0.02325693517923355,0.021249800361692904,0.023263730108737942,0.024690484628081318,0.023049617186188698,0.02175060100853443,0.022163722664117813,0.018532928079366684,0.0200730599462986,0.016847172752022743,0.010358269326388836,0.017350623849779367,0.0078426543623209,0.008197728544473648,0.008078694343566895,0.009321221150457859,0.00983925350010395
0.006990099791437388,0.008958345279097557,0.007879686541855335,0.009078099392354487,0.007881094701588154,0.00833947490900755,0.011027705855667593,0.009561752900481224,0.012287002988159657,0.009034010581672192,0.00489551667124033,0.00911147359551655,0.011861956678330898,0.010824013501405716,0.006486865226179361,0.0027789841406047344,0.012417870573699473,0.01664705201983452,0.017881182953715324,0.014591784216463566,0.015365120954811571,0.01137503469362855,0.018027359619736668,0.021611083298921585,0.0185192059725523,0.021222399547696117,0.021724499762058255,0.02184092067182064,0.021831607446074486,0.022106224671006203,0.02324496954679489,0.021382199972867964,0.02369372919201851,0.023910485208034515,0.0209647323936224,0.02170349471271038,0.020633723586797714,0.01988292671740055,0.02102306112647057,0.0182871725410223,0.009259020909667015,0.017158236261457203,0.007670016959309578,0.00824772845953703,0.009405923075973988,0.009047669358551502,0.009509253315627577
0.007242158520966769,0.01021340861916542,0.008390220813453197,0.009078099392354487,0.007631248328834772,0.010383905842900276,0.009660601615905762,0.011211752891540527,0.012202532961964607,0.01005692221224308,0.00500366510823369,0.009557103220787313,0.011915273033082485,0.011031261645257471,0.006192511878907681,0.003016669536009431,0.012072722427546978,0.016817051917314533,0.01628974825143814,0.012488837353885174,0.014685121364891527,0.01095128625165671,0.018140479922294617,0.02016935497522354,0.017747031524777412,0.021665435284376144,0.02148953452706337,0.02124371007084846,0.02009160816669464,0.020211895927786827,0.02201693505048752,0.020525836013257505,0.0224823746830225,0.023380009457468987,0.02118249423801899,0.022113347426056862,0.022243723273277283,0.019002927467226986,0.020133059471845627,0.018007172271609306,0.009769991971552372,0.01731001017615199,0.008952653966844082,0.008314722217619419,0.006944595836102962,0.009162336587905884,0.009209252893924713
0.007861802354454994,0.011907679960131643,0.009554837830364704,0.009380728006362915,0.009344074875116348,0.010702403262257576,0.010946693830192087,0.011001753620803356,0.013557493686676024,0.007878506556153297,0.01127551682293415,0.010473051936262183,0.014365273527801037,0.014709505252540113,0.007127361372113228,0.007355281617492437,0.015020588412880898,0.019575512036681172,0.017261182889342308,0.012838836759328842,0.017167702317237854,0.013669676100835203,0.018857182934880257,0.02048514969646931,0.018797030672430992,0.022176986560225487,0.02170076221227646,0.021999752148985863,0.019991608336567882,0.0203913114964962,0.022046934813261032,0.020866742171347142,0.022220702841877937,0.022230010479688644,0.02210073545575142,0.021488502621650696,0.021592840552330017,0.020312927663326263,0.020413251593708992,0.018497172743082047,0.01215742528438568,0.018111276160925626,0.011216772720217705,0.011103122495114805,0.011105997487902641,0.008860833942890167,0.009514241479337215
0.0076989796943962565,0.009233408607542515,0.007880221121013166,0.009048099629580976,0.007856494747102259,0.008633906021714209,0.010401764884591104,0.010721753351390362,0.012455844320356846,0.008886922150850296,0.005595516879111528,0.009325608041965298,0.013514253310859205,0.014841261319816113,0.006292511709034443,0.0033339469227939844,0.013443516567349434,0.017818983644247055,0.01858118362724781,0.012179847806692123,0.016518933698534966,0.012211995548568666,0.018807590007781986,0.020449269562959668,0.018397031351923943,0.021182399243116382,0.021690430119633675,0.021770920604467392,0.021651607006788254,0.020667495205998417,0.02264693565666676,0.021053740940988063,0.02327373065054417,0.02442048490047455,0.02331961877644062,0.02175060100853443,0.02211372368037701,0.018842926248908043,0.020490242168307304,0.017327172681689262,0.010468269698321821,0.017520041577517985,0.007992654107511044,0.008474722504615784,0.007584596052765845,0.00949122104793787,0.00968925282359123
0.008477856405079365,0.008393025025725366,0.008319335058331491,0.009398099035024643,0.007887937128543855,0.00832504965364933,0.009771764278411863,0.011671753600239755,0.012215844355523586,0.007443889044225216,0.006055516656488179,0.009384518282281028,0.013415521010756493,0.014541261829435825,0.006361300591379404,0.002966669388115406,0.01301940716803074,0.017468985170125958,0.017651183530688286,0.013688837178051472,0.017436090856790543,0.012260477337986232,0.019487099722027782,0.02067926898598671,0.02018522471189499,0.021296961233019832,0.022212143987417218,0.02238461747765541,0.02102160826325417,0.021394819021224976,0.02334693446755409,0.0213012408465147,0.021003730595111847,0.024270009249448776,0.023100735619664192,0.021450601518154144,0.02108372375369072,0.017474755644798282,0.0201017577201128,0.016697172075510025,0.009778269566595554,0.01697215694002807,0.007552496623247863,0.008212047629058361,0.008428694680333138,0.00929122045636177,0.009929252788424492
0.00716785667464137,0.009833408519625664,0.007679686415940523,0.009218099527060986,0.0075312480330467215,0.009203905239701271,0.00986176449805498,0.01127175334841013,0.012505844235420229,0.009903606958687305,0.00494998786598444,0.00936372961021132,0.013245521113276482,0.01689126156270504,0.006502511911094189,0.003338984213769436,0.012827870436012743,0.018218984827399254,0.01825118251144886,0.012279847636818886,0.01628512144088745,0.012279127351939678,0.018837589770555496,0.02034926973283291,0.018057031556963917,0.02144655212759972,0.021780429407954216,0.02174092084169388,0.02151160687208176,0.020535295829176903,0.02228621765971184,0.020951864309608936,0.02297372929751873,0.023860009387135502,0.02175452560186386,0.02167060039937496,0.022263722494244576,0.01926292665302753,0.02053024061024189,0.01724717207252979,0.010349991731345655,0.0173686564899981,0.008282653987407684,0.008464721962809563,0.007678694557398558,0.009482486173510551,0.009609253145754336
0.00940974522382021,0.007943839766085148,0.007687554694712163,0.009676682762801649,0.008767521008849144,0.009105674922466278,0.011560601182281973,0.010313821956515312,0.010280266404151915,0.007559550460427999,0.005142774898558855,0.009416189769075977,0.008158206008374691,0.008319505490362644,0.006744259037077427,0.0033110447693616147,0.011329137720167635,0.011439522728323936,0.015256021171808245,0.012531784363090992,0.014024938456714152,0.009625719464384019,0.017650479450821877,0.019667964428663254,0.017057031393051147,0.02116057276725769,0.02140236459672451,0.02200200222432613,0.021714184433221817,0.021249949932098392,0.022955993190407756,0.02062448151409626,0.02138427272439003,0.021910009905695915,0.02014297991991043,0.01910875365138054,0.01909053139388561,0.017314692959189415,0.018110977485775948,0.010283250361680984,0.008478867821395397,0.01481250636279583,0.0065026539377868176,0.0071823461912572375,0.005967480596154928,0.006048835348337889,0.007839253172278404
0.00724645983427763,0.007286719512194395,0.006854838225990535,0.00799490325152874,0.008017937652766705,0.006849509663879871,0.010163987055420877,0.008099142462015152,0.013228549621999264,0.008513889275491238,0.0066727749072015285,0.00841578303111924,0.01301725022494793,0.01128401327878237,0.006636865437030792,0.003380786627531052,0.015062781050801275,0.014797051437199116,0.01789145916700363,0.014301784336566925,0.016754919663071632,0.011979968613013625,0.020269112661480904,0.02141926996409893,0.021355224773287773,0.022877870127558708,0.024020591750741,0.024174617603421208,0.021681606769561768,0.02541500329971313,0.025082500651478767,0.022867979295551778,0.022383995354175568,0.0211500097066164,0.02275073528289795,0.021243961527943608,0.021183602511882785,0.01803475432097912,0.02027341350913048,0.016757171601057053,0.008979992009699345,0.01655546179972589,0.00750324921682477,0.007677728310227394,0.010605922900140284,0.010093837045133114,0.010249253362417221
0.007582011632621287,0.008139001205563545,0.006767554674297571,0.009058099240064621,0.00891793705523014,0.008485674858093262,0.011231766082346441,0.009619141928851604,0.011387462727725506,0.008070787414908409,0.005087639205157757,0.009020961044977108,0.009028205648064613,0.008219505660235882,0.0072042588144540795,0.002650786656886339,0.012549137696623802,0.012256010435521604,0.015945034101605415,0.01331883668899536,0.016285035759210587,0.010254445066675544,0.017627589404582974,0.01949029974639416,0.017367031425237656,0.021760573610663414,0.02113574557006359,0.0218220017850399,0.02123254537582397,0.02127700857818127,0.0217649694532156,0.02040670607239008,0.020589295774698257,0.021120009943842888,0.02056951075792313,0.0188740324229002,0.01844514720141888,0.017284691333770752,0.01728481613099575,0.008324752561748028,0.008418867364525795,0.014392920397222042,0.006842654198408128,0.006764722056686878,0.00549384206533432,0.0057388548739254475,0.00809467863291502
0.006263059563934803,0.0084590008482337,0.0064447992481291285,0.008374903351068497,0.008877438493072988,0.00725567527115345,0.011554225347936152,0.01039020624011755,0.010490265674889088,0.007775208912789822,0.005074850749224424,0.008678841559837261,0.010060256347060205,0.007649505045264959,0.007190261967480183,0.0033852814231067896,0.012919245287775992,0.0136531051248312,0.01869229041039944,0.01450758334249258,0.016640666872262955,0.010977304656989872,0.01960684917867184,0.019611082971096042,0.018089205026626587,0.0217080470174551,0.02200119011104107,0.02101790532469749,0.02143160812556744,0.02162957563996315,0.022812500596046448,0.02099416945129633,0.02203373052179813,0.021400010213255882,0.02122473157942295,0.019543960690498352,0.018803341314196587,0.018172383308410645,0.017413413152098656,0.008487172424793243,0.007080891169607639,0.014584476361051202,0.007253044750541449,0.006465815007686615,0.006285923067480326,0.007791220676153898,0.009169253520667551
0.006888294592499733,0.01141961198300123,0.009720221161842344,0.008910727687180042,0.008287450298666954,0.009742402471601965,0.011206693947315216,0.012971753254532814,0.012515836395323277,0.010358506813645365,0.005340943112969399,0.01018477686577373,0.01334103848785162,0.011591261252760887,0.0074207899160683155,0.008405281230807304,0.013669406995177269,0.016644995659589767,0.016131458804011345,0.012478836812078951,0.01628783531486988,0.012131184758618473,0.01835625059902668,0.02034514956176281,0.01853703148663044,0.0215139240026474,0.02138795144855976,0.021496040746569637,0.019956206902861595,0.02144622430205345,0.023704970255494118,0.021045691333711147,0.023713164031505585,0.023680010810494426,0.02139765024185181,0.021661672741174698,0.020804455503821373,0.019812926650047302,0.020736504346132282,0.019097171723842617,0.01186334528028965,0.018197125755250454,0.011190016753971577,0.011727503500878813,0.010877510532736778,0.00749083375558257,0.008954678662121296
0.007764542941004038,0.007233253214508295,0.007788972929120064,0.009968099184334278,0.008324950002133845,0.007074042223393917,0.009504225105047226,0.008866555988788605,0.012503678910434246,0.00732232304289937,0.008237889036536217,0.008780924499862723,0.012826221995055677,0.014776068739593027,0.005826898384839296,0.002518984256312251,0.014099407009780409,0.016683105379343033,0.01683145947754383,0.013187583535909651,0.01693568378686905,0.012192330160178243,0.02016105875372887,0.020300066098570824,0.02104522474110126,0.021807609125971798,0.022210940718650814,0.022695643827319145,0.01923160813748836,0.02105659991502762,0.02305250056087971,0.021234409138560294,0.020782839506864548,0.022600485011935238,0.02301073633134365,0.0215216726064682,0.023063722997903824,0.017082927748560902,0.0196632519364357,0.015407172031700613,0.009779991582036018,0.016725496063008903,0.007242653984576464,0.007882346399128437,0.00978831388056278,0.01113812904804945,0.010149253532290459
0.007400100119411945,0.009573408402502537,0.007520221173763275,0.009508099406957626,0.007668001111596824,0.00843567494302988,0.009964224882423878,0.011574641801416874,0.01295583602041006,0.008755208924412727,0.004749988205730915,0.009400023095723655,0.012665273621678352,0.017001261934638023,0.006842511706054211,0.003158984240144491,0.012397870421409609,0.017848985269665718,0.017791183665394783,0.012229847721755505,0.01567007042467594,0.012035597721114755,0.018284173682332042,0.020701082423329357,0.017967032268643383,0.0215565524995327,0.021720429882407192,0.02165200188755989,0.021441606804728508,0.020475296303629875,0.02219693548977375,0.02092788405716419,0.023283729329705242,0.023490484803915024,0.020997649058699608,0.021310601383447647,0.020773723721504208,0.018962927162647247,0.020520241931080815,0.017347171902656555,0.009609991684556007,0.0169430167414248,0.008572653867304325,0.007844721898436545,0.00798869412392378,0.009387661702930927,0.009479252621531488
0.00703215878456831,0.010123408399522305,0.007520221173763275,0.009198099374771118,0.007591248024255037,0.009943905286490915,0.009671764448285105,0.011261753737926485,0.012305836193263529,0.009466921910643578,0.004749988205730915,0.00940537726920512,0.012815273366868496,0.01633126102387905,0.006462511606514454,0.003236669581383467,0.012727870605885984,0.017758984118700027,0.01708974875509739,0.012057583779096605,0.015825120732188225,0.011905501177534462,0.01859758980572224,0.020081082358956337,0.01788703165948391,0.021445436403155327,0.02134042978286743,0.02150371111929417,0.020746206864714626,0.020301897078752518,0.022206218913197517,0.02068519778549671,0.02274237386882305,0.023840010166168213,0.021994525566697117,0.021601671352982518,0.022053724154829982,0.018962927162647247,0.019973251968622208,0.017607172951102257,0.01023999135941267,0.01733606504276395,0.008622653782367706,0.008464721962809563,0.007254595868289471,0.009337661787867546,0.009369253180921078
0.008328979834914206,0.008665502071380615,0.007950221188366413,0.008836682885885239,0.007641248404979707,0.009652623906731606,0.01004176400601864,0.010481753386557102,0.012505844235420229,0.009208506904542446,0.005835516843944788,0.009344957768917084,0.013554253615438938,0.01423950493335724,0.006212511565536261,0.00314692291431129,0.013303516432642937,0.01828310452401638,0.01846118271350861,0.011999847367405891,0.016578935086727142,0.012161529599688947,0.01834758929908276,0.019939353689551357,0.018237031996250156,0.020906418561935425,0.021700430661439896,0.021633485332131386,0.02161160670220852,0.020861415192484856,0.022936934605240825,0.02097079958766699,0.02353372983634472,0.024410484358668327,0.023430736735463142,0.02178176492452621,0.021603723987936974,0.019212927669286728,0.020523251965641972,0.01788717322051525,0.010618269443511965,0.0176633071154356,0.008390016853809357,0.00877472199499607,0.0078122918494045734,0.009521220810711384,0.009539253078401087
0.006966972257941961,0.011543408036231995,0.010100221261382105,0.008970728144049644,0.008277450688183308,0.00988240260630846,0.011226694099605085,0.013001753017306328,0.012798222713172436,0.011555208824574949,0.004960943013429643,0.010307539202686813,0.01238103862851858,0.010861261747777462,0.007567361462861299,0.008755281567573547,0.012582522816956043,0.016314996406435966,0.01649145968258381,0.012348837219178677,0.01595609076321125,0.011821979330852628,0.018650349229574203,0.020535148680210117,0.018557030707597733,0.022023923695087436,0.021437950432300568,0.021596042439341545,0.019606206566095352,0.021336223930120468,0.023144969716668132,0.02104510087519884,0.02356316335499287,0.0241400096565485,0.02136765047907829,0.0223216712474823,0.020584456622600555,0.02000068500638008,0.02046247571706772,0.018737172707915303,0.011773345060646534,0.018213247507810594,0.011037505231797695,0.011707503348588943,0.010245997458696364,0.006870833691209555,0.008994678035378456
0.00822897907346487,0.010343408212065695,0.008750220760703087,0.009316682815551758,0.007798001170158386,0.009324977174401285,0.009883112274110315,0.01084386371076107,0.012405844405293465,0.0095285065472126,0.006685516797006129,0.00965500995516777,0.014216229319572447,0.014209505170583725,0.006997361313551664,0.0038952815812081103,0.012783516198396684,0.0189031045883894,0.018221182748675343,0.012258836999535559,0.016788935288786888,0.012495947000570596,0.01834625005722046,0.02019655890762806,0.01843703165650368,0.021454038098454475,0.02169119007885456,0.021752001717686653,0.021524183452129364,0.02114255912601948,0.02233293652534485,0.021007047966122627,0.023193730041384697,0.024430010467767715,0.023199617862701416,0.022213494405150414,0.02218372374773025,0.019542926922440532,0.02076325193047524,0.018017172813415527,0.011138269677758215,0.018020331114530563,0.009302496910095215,0.009412346407771109,0.008772583678364755,0.009301220998167992,0.009509253315627577
0.007242158520966769,0.009743408299982548,0.007889686152338982,0.008905206806957722,0.007431248202919959,0.010414042510092258,0.010193112306296824,0.01127175334841013,0.012625835835933684,0.009956921450793743,0.00482998788356781,0.009524050220433209,0.013235272839665413,0.01625126227736473,0.006827361416071653,0.002966751577332616,0.012557870708405972,0.017913104966282845,0.017139749601483345,0.012049847282469273,0.016215121373534203,0.011998632992617785,0.018417589366436005,0.01989835686981678,0.017967032268643383,0.02109239995479584,0.021284500136971474,0.021516041830182082,0.02089620567858219,0.020724834874272343,0.02178395912051201,0.020605329424142838,0.02247237414121628,0.023850010707974437,0.022239618003368374,0.021606240421533585,0.022573722526431084,0.019362926483154297,0.0203932523727417,0.018087172880768776,0.010064703412353992,0.0175965023227036,0.0089026540517807,0.008884722366929054,0.00754459574818611,0.009087661281228064,0.009319253265857695
0.007070099934935571,0.009063632227480413,0.008640221320092678,0.009058099240064621,0.008263165131211279,0.009105674922466278,0.009617705829441549,0.011686556041240692,0.012225836515426636,0.00992692168802023,0.0056942333467304715,0.009414554573595524,0.009916221722960472,0.007164002861827613,0.006602511741220951,0.0030989842489361767,0.011502722278237345,0.017093105241656303,0.015935033559799194,0.012591784819960594,0.014206582680344582,0.01038051825016737,0.018460480496287342,0.02055514976382256,0.0175770316272974,0.022105520591139797,0.021759534254670143,0.02102999947965145,0.020576206967234608,0.02017700858414173,0.02160713076591492,0.020709122717380523,0.023243164643645287,0.02122000977396965,0.020614083856344226,0.020971672609448436,0.02056360244750977,0.01894238218665123,0.019813252612948414,0.01839437335729599,0.00940606277436018,0.016658281534910203,0.008452653884887695,0.008204721845686436,0.00687999976798892,0.009190834127366545,0.009629253298044205
0.007090100087225437,0.009303408674895763,0.00827022083103657,0.009568099863827229,0.008264484815299511,0.008965674787759781,0.009754224680364132,0.011571753770112991,0.012925836257636549,0.008895209059119225,0.0047636651434004315,0.009523755974239774,0.01190527342259884,0.011141262017190456,0.007032511755824089,0.0032689841464161873,0.01221787091344595,0.017547052353620533,0.016649749130010605,0.012157583609223366,0.014856423251330853,0.01115403757430613,0.018040480092167854,0.02067108266055584,0.017827032133936882,0.02163655310869217,0.02165953442454338,0.02158348448574543,0.021281607449054718,0.02022749558091164,0.02217896655201912,0.02092999666929245,0.02419373020529747,0.023400010541081432,0.021232495084404945,0.023041673004627228,0.02065360173583031,0.01874292641878128,0.020490242168307304,0.017967171967029568,0.009689991362392902,0.017223849520087244,0.008892654441297054,0.0081277284771204,0.007378694601356983,0.00937233678996563,0.009439253248274326
0.008421801961958408,0.010223408229649069,0.008650220930576323,0.00924668274819851,0.008476494811475277,0.009142624214291573,0.009761829860508442,0.009741753339767456,0.011987003497779371,0.008465209044516088,0.008195516653358936,0.009516868843800493,0.014706229791045187,0.01459104847162962,0.006487361621111631,0.003735281527042389,0.012712002731859684,0.018533753231167797,0.018191182985901836,0.01283523254096508,0.017258934676647186,0.012724654423072934,0.020561059936881062,0.020506558939814568,0.018767030909657482,0.021826960146427155,0.022264501079916958,0.022023165598511696,0.02102160826325417,0.02123255841434002,0.02164645306766033,0.021222059801220893,0.022370701655745503,0.024840010330080986,0.023150736466050148,0.0229116715490818,0.0221337229013443,0.019760685041546818,0.020593252032995224,0.01771717332303524,0.01164826937019825,0.01815147455781698,0.00903001707047224,0.009729207493364813,0.009362583979964256,0.009021220728754996,0.009369253180921078
0.006866459734737873,0.008056719787418842,0.0069989729672670364,0.008438099175691605,0.008090238086879253,0.007059474475681781,0.00988398678600788,0.01015573088079691,0.011787006631493568,0.008107350207865238,0.006377889309078455,0.008592965391774973,0.012491957284510136,0.009874013252556324,0.006802998483181,0.0035369230899959803,0.014626368880271913,0.015107051469385626,0.01806974969804287,0.015317583456635475,0.01769642345607281,0.011990095837973058,0.02071911282837391,0.021228132769465446,0.02208702266216278,0.023010384291410446,0.02455059252679348,0.02360776998102665,0.021641572937369347,0.02729987353086472,0.02584250085055828,0.023461495339870454,0.024627991020679474,0.025310484692454338,0.02220473252236843,0.023978006094694138,0.021323602646589283,0.01879292726516724,0.020803412422537804,0.0160471722483635,0.008763535879552364,0.01733862068504095,0.008322654291987419,0.007839678786695005,0.01021592319011688,0.008987661451101303,0.009374241344630718
0.007386459968984126,0.008645501919090748,0.006860221270471811,0.00865809991955757,0.007752434816211463,0.008326955139636993,0.009727706201374529,0.010469268076121807,0.012085843831300735,0.007242160849273205,0.0057304995134472856,0.008879165682527754,0.012975273653864859,0.014731261879205704,0.006286898627877235,0.002758984221145511,0.013289406895637512,0.016527051106095314,0.018041184172034264,0.014338837005198004,0.01730893366038799,0.012198833073489368,0.017607590183615685,0.02045927010476589,0.019629152491688732,0.02076928876340389,0.02127500437200069,0.021853484213352203,0.02257160842418671,0.02143107540905476,0.021896934136748314,0.020964713767170906,0.02215372957289219,0.02212001010775566,0.02086764946579933,0.02132624015212059,0.020553601905703545,0.01801292784512043,0.020010242238640785,0.01658717170357704,0.009198269806802271,0.01645917319692671,0.007642496842890978,0.008273121900856495,0.009256520308554173,0.009397661313414574,0.009779253043234348
0.00703215878456831,0.008933632634580134,0.008520221337676048,0.009638099931180477,0.008242999203503132,0.009354041889309885,0.010007706470787523,0.011864641681313516,0.013285836204886436,0.008755208924412727,0.004913664888590574,0.009653259793089496,0.010486221872270107,0.00653401343151927,0.0072825117968022815,0.00322898430749774,0.012609407305717468,0.017687052488327026,0.016151057556271553,0.012337584048509598,0.014456422999501228,0.010568692069500684,0.018020480871200558,0.02071108296513557,0.01775703206658363,0.021895520389080048,0.021721189841628075,0.021394709125161167,0.020781608298420903,0.020387494936585426,0.02246896736323833,0.020883181504905222,0.02369372919201851,0.022980010136961937,0.021214732900261882,0.02323167212307453,0.020673342049121857,0.019092926755547523,0.020523060113191605,0.018224373459815982,0.0093560628592968,0.01720665628090501,0.00865265354514122,0.008117728866636753,0.007165997289121152,0.009340833872556686,0.009619252756237984
0.00830897968262434,0.00838550180196762,0.007972344756126406,0.00900809932500124,0.007796495221555233,0.008812624029815197,0.010491764172911644,0.010471753776073456,0.012325843796133995,0.008616921491920948,0.006235516630113125,0.009285934062467681,0.01377425342798233,0.014119504950940609,0.006213131826370954,0.003276669420301914,0.01365351676940918,0.017683105543255806,0.018481183797121048,0.012318837456405165,0.01670893467962742,0.012246465450152755,0.018697589635849,0.020449269562959668,0.018567031249403957,0.020927479490637783,0.02186043001711369,0.021653484553098682,0.021714184433221817,0.020815055817365646,0.023446934297680855,0.02113751880824566,0.023243729025125504,0.024370484054088596,0.023380735889077187,0.021720601245760918,0.021373722702264786,0.01882292702794075,0.020310241729021072,0.017497172579169273,0.010598269291222095,0.017463601659983397,0.007972653955221176,0.008589208126068115,0.007852291688323021,0.009351220913231371,0.00968925282359123
0.007399748545140028,0.008618345484137535,0.00724755460396409,0.009334621019661428,0.008299242705106735,0.009447278454899788,0.011967706494033337,0.01073386427015066,0.01241026632487774,0.0076973503455519685,0.005110499449074268,0.009495403100219037,0.008936221711337566,0.008301261812448502,0.006954258773475885,0.003711044788360596,0.01147913746535778,0.013307051733136177,0.015831183642148968,0.013891784474253654,0.014784938655793669,0.010230738250538707,0.017700480297207832,0.02055102214217186,0.017507031559944153,0.020570572465658188,0.0218172837048769,0.021832002326846126,0.021566206589341164,0.021177008748054504,0.022045515477657318,0.020623641833662987,0.021469295024871826,0.021840484812855717,0.02004473283886909,0.01910875365138054,0.01886053197085857,0.017592927441000942,0.018396556377410892,0.010053250007331371,0.008440598845481874,0.014842078601941467,0.006610604003071785,0.00747234607115388,0.005927480757236482,0.005818835459649564,0.009309252724051477
0.007156387437134981,0.008763408288359642,0.008050221018493177,0.00912809930741787,0.007896495051681995,0.008183905854821205,0.010091764852404594,0.01113175321370363,0.012285844422876837,0.008046922273933887,0.005785516928881407,0.009187542160765992,0.013624253682792187,0.015011261217296125,0.006313131656497717,0.0032666695769876237,0.013263516128063202,0.017808984965085983,0.018401183187961582,0.012928836978971958,0.016986090689897537,0.012338944501243532,0.01894759014248848,0.020849268883466717,0.018987031653523445,0.021146552637219432,0.021666983142495155,0.021653484553098682,0.021641608327627185,0.021084818989038467,0.02325693517923355,0.021249800361692904,0.023263730108737942,0.024690484628081318,0.023049617186188698,0.02175060100853443,0.022163722664117813,0.018532928079366684,0.0200730599462986,0.016847172752022743,0.010358269326388836,0.017350623849779367,0.0078426543623209,0.008197728544473648,0.008078694343566895,0.009321221150457859,0.00983925350010395
0.007160100154578686,0.008793408051133156,0.00855968613177538,0.009398099035024643,0.008391248062252998,0.00921567529439926,0.010147706605494022,0.012306556105613708,0.01307583600282669,0.009076922200620173,0.005734233185648918,0.009672035049233172,0.009996222332119942,0.007414002902805804,0.007242511492222547,0.00322898430749774,0.011479245498776436,0.016957052052021027,0.016101056709885597,0.012941784225404264,0.013876423239707949,0.010497151594609021,0.018120480701327324,0.02060108259320259,0.017637031152844432,0.0218255203217268,0.02190119028091431,0.021122001111507416,0.02082160674035549,0.02034204266965389,0.021952368319034576,0.020703648775815965,0.022713163867592808,0.02252048440277576,0.02059408277273178,0.021721672266721725,0.02076360210776329,0.018942927941679955,0.01988024078309536,0.018774373456835747,0.009296063333749771,0.016864382941275836,0.008182654157280922,0.007967728190124035,0.006801972165703774,0.00908083375543356,0.009859252721071243
0.006940099876374006,0.008709000423550606,0.007267554756253958,0.008635382167994976,0.00841793790459633,0.008855443447828295,0.011130601167678831,0.009061272256076336,0.011718548834323885,0.009367350488901138,0.005635516718029976,0.008970648981630802,0.012992878444492815,0.007754013407975434,0.006736670155078173,0.003056922927498817,0.01305924542248249,0.01601705141365528,0.017751183360815048,0.015301784500479696,0.015834920108318332,0.011414018645882606,0.018530728295445442,0.020981021225452427,0.01789703220129013,0.020627936348319054,0.02124594897031784,0.02102003619074821,0.021451607346534732,0.020827008411288258,0.021524755284190174,0.020555324107408523,0.02144716680049896,0.021290484815835956,0.020154731348156932,0.020166240632534027,0.019425462931394574,0.019272927194833755,0.019810240715742108,0.015557172708213331,0.00868902076035738,0.015866459347307682,0.007282496895641088,0.00701581547036767,0.008048694580793379,0.008833433501422405,0.009344241581857204
0.006756459828466177,0.00835340842604637,0.007359686307609081,0.00913809984922409,0.007853246293962002,0.007789474446326493,0.010627706535160542,0.009225251153111458,0.01270854938775301,0.008664010092616081,0.005945516750216484,0.008867986914184358,0.012361956760287285,0.012794013135135174,0.006366865243762732,0.003266923129558563,0.013757870532572271,0.015008984133601187,0.01766118407249451,0.015271784737706184,0.01681642234325409,0.011925152083858848,0.020269112661480904,0.020901083946228027,0.020439205691218376,0.02230486087501049,0.02324795164167881,0.023315643891692158,0.021411573514342308,0.024619873613119125,0.024192500859498974,0.02235058005899191,0.02280399389564991,0.024140484631061557,0.02154473215341568,0.022518005222082138,0.020983602851629257,0.017982928082346916,0.02022818848490715,0.017597172409296036,0.009161388501524923,0.01698219161480665,0.00765001680701971,0.008015397004783155,0.009975923225283623,0.009107661433517931,0.009384240955114365
0.008797856979072094,0.0098734088242054,0.008438972756266594,0.009326682426035404,0.008746495470404625,0.00891262385994196,0.009780601598322392,0.009391753003001213,0.012347003445029259,0.008115208707749844,0.009095516987144949,0.009512822040253215,0.014406229369342329,0.014741048216819763,0.006827361416071653,0.004705281462520361,0.012774568982422352,0.01985551230609417,0.017971184104681015,0.013215232640504835,0.017338935285806656,0.013093087077140807,0.02095105871558189,0.02061655931174755,0.01894703134894371,0.02192695997655392,0.02232450060546398,0.02197316475212574,0.020931607112288475,0.021254818886518482,0.021568244323134426,0.02119346484541893,0.02144070342183113,0.02439001016318798,0.02285073697566986,0.022881671786308292,0.0208837240934372,0.019652927294373512,0.020780241116881367,0.017747173085808754,0.011708269827067852,0.017962397914379834,0.008950017392635345,0.009779207408428192,0.009472584351897241,0.008981220424175262,0.009348821826279163
0.006682011764496565,0.00869834516197443,0.007659686263650657,0.009158099070191385,0.00790109485387802,0.00833947490900755,0.011077705770730972,0.008409268222749233,0.012798549607396126,0.009314010851085186,0.005325516685843468,0.008969359513786104,0.0124519569799304,0.012514013797044754,0.006636865437030792,0.002688984153792262,0.012847870588302612,0.015458984300494194,0.017791183665394783,0.015101784840226172,0.01586512103676796,0.01166822814848274,0.01805759035050869,0.021291082724928856,0.01875920593738556,0.021142398938536644,0.021604500710964203,0.022100921720266342,0.021731607615947723,0.021934835240244862,0.022524969652295116,0.021185084246098995,0.02270372956991196,0.023520484566688538,0.020264731720089912,0.02126334793865681,0.020053723827004436,0.01939292624592781,0.02070024237036705,0.01811717264354229,0.008669020608067513,0.0167829395737499,0.007610016968101262,0.008237728849053383,0.009575922973454,0.008907669223845005,0.009379252791404724
0.006296459585428238,0.008058344945311545,0.00681022135540843,0.008518099784851074,0.00789023842662573,0.007479474414139986,0.010487706400454044,0.009101271629333496,0.01163700595498085,0.009544010274112223,0.005785516928881407,0.008475424721837044,0.013021957129240036,0.009514013305306436,0.006496865302324295,0.0026869229041039944,0.013646368868649006,0.01454705186188221,0.017619749531149864,0.014741784892976284,0.017016422003507614,0.011507665272802114,0.019869111478328705,0.020551083609461784,0.02035920508205891,0.021822398528456688,0.022284500300884247,0.022597292438149445,0.02158418297767639,0.024089904502034187,0.02491250075399876,0.022310390882194043,0.025033729150891304,0.024860484525561333,0.02142765000462532,0.0221062395721674,0.020263602957129482,0.018502926453948017,0.021120240911841396,0.01641717180609703,0.008831854909658432,0.016980822291225196,0.008282653987407684,0.007995397783815859,0.009725922718644142,0.009101220406591892,0.0094242412596941
0.008158979937434195,0.010553408414125444,0.008529686369001865,0.009376682341098784,0.00888649467378855,0.009204976260662079,0.009860655292868614,0.009963864460587502,0.012077002786099909,0.008848506957292557,0.007685516960918903,0.009623527837296328,0.014726229943335056,0.014321048744022846,0.0070873615331947795,0.00453528156504035,0.012694569304585457,0.019133752211928368,0.01825118251144886,0.012445232830941677,0.017058935016393658,0.012793911062180996,0.019671058282256126,0.020656559616327286,0.0186370313167572,0.021826960146427155,0.022094499319791797,0.021872002631425858,0.0214241836220026,0.021542558446526527,0.022127090021967888,0.021289264596998692,0.023040702566504482,0.024590009823441502,0.02304073609411716,0.022791672497987747,0.02188372239470482,0.01966292783617973,0.020841173827648163,0.017907172441482544,0.011498269625008106,0.01814305279403925,0.009492496959865091,0.00972234643995762,0.009252583608031271,0.008991220965981483,0.009489253163337708
0.0071900999173522,0.008276850916445255,0.006277554668486118,0.008655382320284843,0.008753164671361445,0.008155675604939459,0.011221829801797869,0.011125730350613594,0.011998549103736876,0.00849401019513607,0.0052255168557167045,0.009072759706113074,0.010338205844163895,0.0069638630375266075,0.0070568653754889965,0.002790786558762193,0.01245787087827921,0.01364310458302498,0.0169511828571558,0.014531343244016169,0.016205037012696266,0.010616377624683083,0.018817590549588203,0.01947796531021595,0.017527030780911446,0.02083057351410389,0.021912520751357082,0.021352002397179604,0.02108829654753208,0.02127700857818127,0.02227959409356117,0.020591187849640848,0.021349295973777768,0.022750483825802803,0.02083473280072212,0.01861334778368473,0.01874053105711937,0.01801292784512043,0.018763413652777672,0.007794752251356841,0.008560891263186932,0.014799382584169508,0.007132496684789658,0.006790248677134514,0.005938694346696138,0.005797669291496278,0.008724678307771683
0.007120099849998952,0.008859324268996716,0.008639686740934849,0.00922869797796011,0.008421247825026512,0.009125675074756144,0.009927705861628056,0.012196555733680723,0.012695835903286934,0.009756921790540218,0.005644232966005802,0.009579425470696555,0.009658205322921276,0.007994002662599087,0.006872511468827725,0.0030989842489361767,0.011019245721399784,0.017103105783462524,0.015795033425092697,0.012981784529983996,0.014074938371777534,0.010424204450100661,0.01830047927796841,0.02051108330488205,0.017497031018137932,0.02186552062630653,0.021511189639568332,0.021090000867843628,0.020796205848455433,0.02033781073987484,0.02137378044426441,0.020575626567006112,0.022473163902759552,0.020720010623335842,0.020534083247184757,0.02019167132675648,0.02053360268473625,0.01877238228917122,0.01951325125992298,0.01847437396645546,0.009236062876880169,0.01639428148046136,0.007872654125094414,0.008094722405076027,0.006751972250640392,0.00896083377301693,0.009956661611795424
0.0067100999876856795,0.01119961217045784,0.010100221261382105,0.00953414011746645,0.008227450773119926,0.009527278132736685,0.011253100819885729,0.012861752882599829,0.01254253275692463,0.01027850713580847,0.00476094288751483,0.010217354322473208,0.012361038476228714,0.01001126132905483,0.0073407902382314205,0.008685281500220299,0.012889407575130464,0.01551908254623413,0.01642145961523056,0.012458836659789084,0.01594783365726471,0.011639593448489905,0.01841625012457371,0.020085150375962257,0.018427031114697456,0.021387608721852303,0.021227952092885968,0.021206041797995567,0.020026206970214844,0.021196223795413967,0.023194970563054085,0.02087906002998352,0.023623164743185043,0.023750010877847668,0.0212776493281126,0.021661672741174698,0.020129704847931862,0.019322928041219708,0.019241757690906525,0.01835717260837555,0.012083345092833042,0.01786600174382329,0.01105265412479639,0.011783122085034849,0.010197510942816734,0.007890833541750908,0.00819467846304178
0.009120100177824495,0.011209611780941486,0.009048973210155964,0.00941668264567852,0.009424074552953243,0.010022402741014956,0.010090655647218227,0.01011926867067814,0.013097493909299374,0.008015208877623081,0.010125516913831234,0.01017214037064049,0.014336229301989082,0.014311048202216625,0.007237361278384923,0.0067252814769744864,0.013620588928461077,0.019625511020421985,0.017781183123588562,0.01289523299783468,0.017168935388326645,0.01338268886320293,0.018851058557629585,0.02072655968368053,0.018807031214237213,0.022026961669325832,0.021624499931931496,0.02133031375706196,0.02024160698056221,0.020762559026479718,0.021663622930645943,0.020842491649091244,0.02239070273935795,0.02348000928759575,0.021467650309205052,0.02167167142033577,0.02080284059047699,0.01992292702198029,0.02048325166106224,0.01811717264354229,0.011357424780726431,0.017739779129624367,0.010062497109174728,0.010032346472144129,0.009625997394323349,0.008900833316147327,0.009409253485500813
0.007682271301746368,0.008029000833630562,0.007658525835722684,0.009316682815551758,0.008897937834262848,0.008835675194859505,0.011420601978898048,0.0099591426551342,0.01070317532867193,0.007890787906944752,0.005090499296784401,0.00916700153094199,0.00867820531129837,0.008259505033493042,0.007024258840829134,0.0025610446464270353,0.012319137342274187,0.012126010842621326,0.015706021338701248,0.012901784852147102,0.0157050359994173,0.010037150350399315,0.017613215371966362,0.019500300288200382,0.017217030748724937,0.021680573001503944,0.021055947989225388,0.02164200134575367,0.02135254442691803,0.021247008815407756,0.022229947149753567,0.0204360943287611,0.02082237415015697,0.021250009536743164,0.020419510081410408,0.018968505784869198,0.01856514811515808,0.017454691231250763,0.01765097863972187,0.009230345487594604,0.008398868143558502,0.01454354333691299,0.006712654139846563,0.0067847222089767465,0.005549206864088775,0.005878835450857878,0.00784925278276205
0.007462011650204658,0.008055523969233036,0.006664838176220656,0.008925382979214191,0.008787937462329866,0.008335675112903118,0.011111830361187458,0.009495730511844158,0.01120026595890522,0.008140787482261658,0.00509763928130269,0.00889324402022693,0.009568206034600736,0.008009505458176136,0.007284258957952261,0.00281078671105206,0.01246913708746433,0.012366010807454586,0.01642567478120327,0.0139213427901268,0.016695035621523857,0.010464759753085673,0.018077589571475983,0.01936030015349388,0.01756703108549118,0.02165057323873043,0.02125728316605091,0.02186200208961964,0.02108829654753208,0.02123700827360153,0.021414970979094502,0.020414435118436814,0.020629296079277992,0.021880485117435452,0.020489510148763657,0.01880403235554695,0.01847514696419239,0.017202382907271385,0.017403412610292438,0.00801475252956152,0.008418867364525795,0.014439149247482418,0.006922653876245022,0.006780248600989579,0.0054038423113524905,0.005378854926675558,0.008474677801132202
0.008328979834914206,0.008973408490419388,0.008380221202969551,0.009204139932990074,0.007967783138155937,0.009562623687088491,0.010343112982809544,0.011053863912820816,0.012615843676030636,0.01000850647687912,0.005435516592115164,0.00960333076202207,0.01325527299195528,0.014209505170583725,0.006847361568361521,0.0033769230358302593,0.0126891378313303,0.018703104928135872,0.017791183665394783,0.012048836797475815,0.016465121880173683,0.01208219644613564,0.01814758963882923,0.019768355414271355,0.018157031387090683,0.02096337452530861,0.02138043008744717,0.02141200192272663,0.02135160751640797,0.020671416074037552,0.022706935182213783,0.02084024716168642,0.023843729868531227,0.024550484493374825,0.022140735760331157,0.021961765363812447,0.02197372354567051,0.01938292756676674,0.020523251965641972,0.01812717318534851,0.010358269326388836,0.01770057072862983,0.009062654338777064,0.008924721740186214,0.007752291858196258,0.00959122087806463,0.009389253333210943
0.008178979158401491,0.011073408648371695,0.008649686351418495,0.009486682713031769,0.00765778310596943,0.00988240260630846,0.01083311252295971,0.011343863792717457,0.012455844320356846,0.009568506851792336,0.006125516723841429,0.009951307024392817,0.013766229152679443,0.01405950542539358,0.006942927371710539,0.005475281272083521,0.012784569524228571,0.0190231055021286,0.01736118271946907,0.012388836592435837,0.016528934240341187,0.012445608852431178,0.018277598544955254,0.020225148648023602,0.018357031047344208,0.021258046850562096,0.021621722728013992,0.021672001108527184,0.02016199380159378,0.02097255922853947,0.022447090595960617,0.02086369227617979,0.023643730208277702,0.02427048422396183,0.02309073694050312,0.022383494302630424,0.022033723071217537,0.01964292675256729,0.02064325101673603,0.018017172813415527,0.010708269663155079,0.018018296174705028,0.00999265443533659,0.009400248527526855,0.008612584322690964,0.008971220813691616,0.009409253485500813
0.008322011679410934,0.008755501359701157,0.008399686776101591,0.009428698569536207,0.008481248281896114,0.009415674954652786,0.010927706025540829,0.012424641288816929,0.01189583633095026,0.008996921591460705,0.005864233244210482,0.00978344502962298,0.009562878869473934,0.008894013240933418,0.007382511626929046,0.003168984316289425,0.010179245844483377,0.015873104333877563,0.01581503450870514,0.013381784781813622,0.014931323006749153,0.010505311377346515,0.017643215134739876,0.020311083644628525,0.017457030713558197,0.02131552062928677,0.02182118967175484,0.020830605179071426,0.02098749577999115,0.02106781117618084,0.0213181097060442,0.020376346446573733,0.021011402830481533,0.021515699103474617,0.020628493279218674,0.020308148115873337,0.020583603531122208,0.019182927906513214,0.020586555823683742,0.01662437431514263,0.009066062979400158,0.016394624719396234,0.007462653797119856,0.007987728342413902,0.006881972309201957,0.008240833878517151,0.010089253075420856
0.007210100069642067,0.009099324233829977,0.00855968613177538,0.009338698349893091,0.00830124784260988,0.008825675584375858,0.01008060108870268,0.012239268980920315,0.012125836685299872,0.01028692163527012,0.005214232951402664,0.00953115988522768,0.00928820576518774,0.008844013325870037,0.006352511700242758,0.0028866694774478674,0.011789014562964441,0.016713105142116547,0.015859749168157578,0.012837584130465984,0.014414938166737556,0.010420002439059318,0.01832048036158085,0.020341083407402042,0.017307031899690628,0.021639464423060417,0.02148953452706337,0.02090517804026604,0.020926207304000854,0.02023731730878353,0.021091653034091,0.020296222157776357,0.02070427127182484,0.02021569944918156,0.02026408351957798,0.019570315256714817,0.01990360207855701,0.018802383914589882,0.019293252378702164,0.017624374479055405,0.00899606291204691,0.016032510017976166,0.007580603938549756,0.00807472225278616,0.006647455971688032,0.008780833333730698,0.009849253110587595
0.00904974527657032,0.00787552446126938,0.007568525616079569,0.009566682390868664,0.008887937292456627,0.009195675142109394,0.011550601571798323,0.009903821162879469,0.010653175413608551,0.007689550518989562,0.0051227747462689885,0.009361298703071144,0.008288205601274967,0.008239504881203175,0.0068142591044306755,0.002811044687405229,0.011829137802124023,0.012019523419439793,0.015536021441221237,0.012645927257835863,0.014965035952627659,0.00982714348938316,0.01784048043191433,0.019140299409627914,0.016947031021118164,0.021580573171377185,0.02103594876825809,0.02154200151562691,0.021111994981765747,0.02127700857818127,0.02226551435887814,0.02033963389694691,0.020655486732721332,0.021580010652542114,0.0201095100492239,0.018838506191968918,0.01863514818251133,0.017294691875576973,0.017940977588295937,0.010060345754027368,0.008488867431879044,0.014647844014689326,0.006582654081285,0.006947728339582682,0.0057792067527771,0.00597883528098464,0.0075092529878020295
0.00830897968262434,0.00838550180196762,0.007972344756126406,0.00900809932500124,0.007796495221555233,0.008812624029815197,0.010491764172911644,0.010471753776073456,0.012325843796133995,0.008616921491920948,0.006235516630113125,0.009285934062467681,0.01377425342798233,0.014119504950940609,0.006213131826370954,0.003276669420301914,0.01365351676940918,0.017683105543255806,0.018481183797121048,0.012318837456405165,0.01670893467962742,0.012246465450152755,0.018697589635849,0.020449269562959668,0.018567031249403957,0.020927479490637783,0.02186043001711369,0.021653484553098682,0.021714184433221817,0.020815055817365646,0.023446934297680855,0.02113751880824566,0.023243729025125504,0.024370484054088596,0.023380735889077187,0.021720601245760918,0.021373722702264786,0.01882292702794075,0.020310241729021072,0.017497172579169273,0.010598269291222095,0.017463601659983397,0.007972653955221176,0.008589208126068115,0.007852291688323021,0.009351220913231371,0.00968925282359123
0.007252158597111702,0.00925065577030182,0.007999686524271965,0.009583770297467709,0.008091248571872711,0.010485675185918808,0.011697705835103987,0.012344641610980034,0.01289845909923315,0.007756921928375959,0.006184233352541924,0.009956000165806876,0.008642878383398056,0.008064013905823229,0.0070525119081139565,0.0031989843118935823,0.010469014756381512,0.014397052116692066,0.015945034101605415,0.013141784816980362,0.016211323440074917,0.010330683109350503,0.016993215307593346,0.020601021125912663,0.0175770316272974,0.0218979362398386,0.021190593019127846,0.020982002839446068,0.02132199518382549,0.021177811548113826,0.021351704373955727,0.02041170410811901,0.02102372981607914,0.02113569900393486,0.020214084535837173,0.01981167308986187,0.020099794492125508,0.020322926342487332,0.02063655667006969,0.013364373706281185,0.008449992164969444,0.01598324761725962,0.007312654051929712,0.00848472211509943,0.006701972335577011,0.007360833697021007,0.009749253280460836
0.007060099858790636,0.009823408909142016,0.007989685982465744,0.008934903889894484,0.007511248346418142,0.009443905204534529,0.010011764243245123,0.010951753705739977,0.012335835956037045,0.009496921673417091,0.004969988018274307,0.009340289566251967,0.013165521435439587,0.015941262245178226,0.006352511700242758,0.0032567516900599003,0.01274787075817585,0.017903104424476624,0.018001183867454532,0.012169847264885902,0.016455121338367462,0.012096316274255513,0.018747590482234955,0.02005926892161369,0.017987031489610672,0.0210865531116724,0.021670429036021236,0.021960921585559845,0.02140160836279392,0.020654834806919098,0.0221930630505085,0.020778503082692624,0.022023729979991916,0.023920010775327682,0.0230296179652214,0.021600600332021717,0.022283723577857014,0.0192229263484478,0.0203932523727417,0.017727172002196312,0.010279991663992405,0.017552467156201602,0.008352654054760933,0.008714722469449043,0.007734595797955991,0.00960122048854828,0.009539253078401087
0.007180099841207266,0.00891932472586632,0.008499686606228352,0.00954869855195284,0.00856124795973301,0.009225674904882908,0.010287705808877943,0.012536555528640749,0.012575835920870304,0.009556922130286694,0.00554423313587904,0.009703869983139966,0.009431957267224787,0.009004013612866402,0.007072511594742537,0.0030889841727912426,0.010489244945347307,0.016673104837536812,0.015679748728871346,0.013211784884333609,0.014324938878417015,0.01045205220580101,0.017890479415655136,0.020311083644628525,0.017427030950784683,0.021735521033406258,0.02185118943452835,0.02093517780303955,0.021076206117868423,0.020767811685800552,0.02171758003532886,0.020547524467110632,0.021763164550065998,0.020995700731873512,0.020558493211865425,0.020133620128035545,0.020493602380156517,0.018532928079366684,0.019376056268811226,0.017644373700022697,0.0093988673761487,0.01625589681789279,0.007400603964924812,0.008024722337722778,0.00679197208955884,0.008550833910703659,0.010029252618551254
0.0066730594262480744,0.008016850799322128,0.0062848380766808995,0.008808099664747715,0.008957438170909882,0.008235675282776356,0.01151422504335642,0.010400206781923773,0.011481789872050284,0.008124502375721931,0.005235516931861639,0.008930242568668392,0.009568206034600736,0.007207067683339119,0.007240261882543564,0.0032910448499023914,0.012322722002863884,0.012982226908206941,0.01684974879026413,0.013961784541606905,0.016605036333203316,0.010526361595839261,0.018846848979592323,0.018524602055549618,0.017327031120657917,0.020485758781433102,0.021810593083500862,0.02065751887857914,0.02025006338953972,0.021096600219607357,0.021613780409097668,0.020051253214478492,0.01989973522722721,0.021410010755062103,0.021744731813669205,0.01858624070882797,0.01865970529615879,0.017042383551597595,0.016443412750959396,0.006597172468900681,0.008780891075730324,0.014224993949756026,0.0067730448208749286,0.0062123462557792655,0.0049686944112181655,0.0057812207378447064,0.00825925264507532
0.00809201132506132,0.00807302538305521,0.008298972621560097,0.010698099620640278,0.008424949832260609,0.007314042188227177,0.009923987090587616,0.009466555900871755,0.012753678485751152,0.006986921653151512,0.006767889484763146,0.009227258049779467,0.012926221825182438,0.016711350530385968,0.005951300729066134,0.0028066695667803288,0.0145194074138999,0.017843104898929596,0.01696145907044411,0.013681342825293541,0.017596090212464333,0.01257648365572095,0.021501058712601658,0.020400432869791985,0.02077894285321236,0.021736960858106613,0.022476984187960625,0.02228749915957451,0.020094184204936028,0.021206600591540337,0.02256293781101704,0.021406183764338494,0.021016236394643784,0.023480484262108803,0.023990735411643985,0.02194167301058769,0.0203787162899971,0.017104754224419594,0.02014325186610222,0.01625717245042324,0.010304703377187252,0.01693327696993947,0.007202654145658015,0.008528624661266805,0.009468314237892628,0.010937384329736231,0.010329253040254116
0.007052158471196891,0.008819611743092537,0.008480221033096312,0.00965809915214777,0.008291248232126236,0.009385675191879272,0.010397706180810928,0.012174641713500023,0.01345583610236645,0.00855692196637392,0.005073665175586939,0.009746133091135157,0.010336222127079964,0.00672400277107954,0.007452511694282293,0.0031889842357486486,0.012349407188594341,0.017617052420973778,0.016281057149171833,0.01262758392840624,0.014176422730088234,0.01058269094210118,0.017900479957461357,0.02080108225345612,0.017697030678391457,0.021545520052313805,0.02193119004368782,0.0216320026665926,0.021121608093380928,0.020559949800372124,0.022073781117796898,0.0207736374810338,0.022473730146884918,0.023880485445261,0.02053249441087246,0.022471671923995015,0.020823603495955467,0.019332926720380783,0.02021024189889431,0.01872437447309494,0.00911606289446354,0.01714222440496087,0.008272654376924038,0.008057728409767151,0.0072359973564744,0.009150833822786808,0.009869253262877464
0.008441802114248276,0.008733632974326609,0.00835755467414856,0.008995207026600838,0.008404950611293316,0.00908262375742197,0.00978183001279831,0.010201753117144108,0.011558222584426405,0.008245209231972694,0.0075855166651308545,0.009284175208045376,0.014526229351758957,0.01448950543999672,0.006071300711482763,0.003406923031434417,0.013063516467809677,0.01783375255763531,0.01793118380010128,0.01290883682668209,0.016966091468930244,0.012478285632096232,0.01891105994582176,0.02048926986753941,0.01882703229784965,0.02159696072340012,0.02181450091302395,0.021803164854645733,0.02082160674035549,0.021234819665551186,0.02244896627962589,0.021069975569844246,0.022752374410629272,0.024910010397434238,0.02317073568701744,0.021643495187163356,0.021713722497224808,0.019250685349106792,0.021110469475388527,0.01764717325568199,0.01087826956063509,0.017838378623127937,0.008750016801059246,0.009309208020567894,0.008812583982944489,0.009221220389008522,0.009599253535270693
0.008797856979072094,0.0098734088242054,0.008438972756266594,0.009326682426035404,0.008746495470404625,0.00891262385994196,0.009780601598322392,0.009391753003001213,0.012347003445029259,0.008115208707749844,0.009095516987144949,0.009512822040253215,0.014406229369342329,0.014741048216819763,0.006827361416071653,0.004705281462520361,0.012774568982422352,0.01985551230609417,0.017971184104681015,0.013215232640504835,0.017338935285806656,0.013093087077140807,0.02095105871558189,0.02061655931174755,0.01894703134894371,0.02192695997655392,0.02232450060546398,0.02197316475212574,0.020931607112288475,0.021254818886518482,0.021568244323134426,0.02119346484541893,0.02144070342183113,0.02439001016318798,0.02285073697566986,0.022881671786308292,0.0208837240934372,0.019652927294373512,0.020780241116881367,0.017747173085808754,0.011708269827067852,0.017962397914379834,0.008950017392635345,0.009779207408428192,0.009472584351897241,0.008981220424175262,0.009348821826279163
0.008322011679410934,0.008755501359701157,0.008399686776101591,0.009428698569536207,0.008481248281896114,0.009415674954652786,0.010927706025540829,0.012424641288816929,0.01189583633095026,0.008996921591460705,0.005864233244210482,0.00978344502962298,0.009562878869473934,0.008894013240933418,0.007382511626929046,0.003168984316289425,0.010179245844483377,0.015873104333877563,0.01581503450870514,0.013381784781813622,0.014931323006749153,0.010505311377346515,0.017643215134739876,0.020311083644628525,0.017457030713558197,0.02131552062928677,0.02182118967175484,0.020830605179071426,0.02098749577999115,0.02106781117618084,0.0213181097060442,0.020376346446573733,0.021011402830481533,0.021515699103474617,0.020628493279218674,0.020308148115873337,0.020583603531122208,0.019182927906513214,0.020586555823683742,0.01662437431514263,0.009066062979400158,0.016394624719396234,0.007462653797119856,0.007987728342413902,0.006881972309201957,0.008240833878517151,0.010089253075420856
0.007180099841207266,0.00891932472586632,0.008499686606228352,0.00954869855195284,0.00856124795973301,0.009225674904882908,0.010287705808877943,0.012536555528640749,0.012575835920870304,0.009556922130286694,0.00554423313587904,0.009703869983139966,0.009431957267224787,0.009004013612866402,0.007072511594742537,0.0030889841727912426,0.010489244945347307,0.016673104837536812,0.015679748728871346,0.013211784884333609,0.014324938878417015,0.01045205220580101,0.017890479415655136,0.020311083644628525,0.017427030950784683,0.021735521033406258,0.02185118943452835,0.02093517780303955,0.021076206117868423,0.020767811685800552,0.02171758003532886,0.020547524467110632,0.021763164550065998,0.020995700731873512,0.020558493211865425,0.020133620128035545,0.020493602380156517,0.018532928079366684,0.019376056268811226,0.017644373700022697,0.0093988673761487,0.01625589681789279,0.007400603964924812,0.008024722337722778,0.00679197208955884,0.008550833910703659,0.010029252618551254
0.00703215878456831,0.010123408399522305,0.007520221173763275,0.009198099374771118,0.007591248024255037,0.009943905286490915,0.009671764448285105,0.011261753737926485,0.012305836193263529,0.009466921910643578,0.004749988205730915,0.00940537726920512,0.012815273366868496,0.01633126102387905,0.006462511606514454,0.003236669581383467,0.012727870605885984,0.017758984118700027,0.01708974875509739,0.012057583779096605,0.015825120732188225,0.011905501177534462,0.01859758980572224,0.020081082358956337,0.01788703165948391,0.021445436403155327,0.02134042978286743,0.02150371111929417,0.020746206864714626,0.020301897078752518,0.022206218913197517,0.02068519778549671,0.02274237386882305,0.023840010166168213,0.021994525566697117,0.021601671352982518,0.022053724154829982,0.018962927162647247,0.019973251968622208,0.017607172951102257,0.01023999135941267,0.01733606504276395,0.008622653782367706,0.008464721962809563,0.007254595868289471,0.009337661787867546,0.009369253180921078
0.00701785646378994,0.008965501561760902,0.00690022110939026,0.008788099512457848,0.00780243519693613,0.008326955139636993,0.010017706081271172,0.010239268653094769,0.01217253226786852,0.007261195685714482,0.005650499369949102,0.008914508442911837,0.013025521300733091,0.015111261978745459,0.006296670064330101,0.002758984221145511,0.012869407422840595,0.01673705130815506,0.018141184002161026,0.014148836955428125,0.017258934676647186,0.012199835130013525,0.017787590622901917,0.020629270002245903,0.019339153543114662,0.020983250811696053,0.021684499457478527,0.021763484925031662,0.02243160828948021,0.021902257576584816,0.022712500765919685,0.02118873465806246,0.02265373058617115,0.02193001098930836,0.02075764909386635,0.02132624015212059,0.020503602921962738,0.019272927194833755,0.020420242100954056,0.017027173191308975,0.009298269636929035,0.016648925421759487,0.007660016883164643,0.008293122053146362,0.009228694252669813,0.009277661330997944,0.009799253195524216
0.007334531750530003,0.008226851001381874,0.007064534816890955,0.008705382235348225,0.009113164618611336,0.00831567496061325,0.011241829954087734,0.010455730371177195,0.011752204969525335,0.008340788073837757,0.0051655168645083896,0.009134433853129545,0.010098205879330635,0.007369505241513251,0.007054259069263934,0.002920786617323756,0.012527870945632458,0.012476011179387571,0.01633503474295139,0.014511343091726303,0.016865035519003868,0.010532356915064156,0.018617589026689533,0.019300298765301704,0.017617031931877136,0.021350573748350143,0.02156728319823742,0.021762002259492874,0.020802544429898262,0.021167010068893436,0.021419594064354897,0.02044332232326269,0.020829295739531517,0.021930484101176262,0.02086473256349564,0.01854403130710125,0.018485147505998608,0.01745292730629444,0.01777341403067112,0.007584752514958382,0.008278867229819298,0.014447725890204311,0.006862653885036707,0.006700248457491398,0.005358694586902857,0.005392336752265692,0.008604678325355053
0.007764542941004038,0.007233253214508295,0.007788972929120064,0.009968099184334278,0.008324950002133845,0.007074042223393917,0.009504225105047226,0.008866555988788605,0.012503678910434246,0.00732232304289937,0.008237889036536217,0.008780924499862723,0.012826221995055677,0.014776068739593027,0.005826898384839296,0.002518984256312251,0.014099407009780409,0.016683105379343033,0.01683145947754383,0.013187583535909651,0.01693568378686905,0.012192330160178243,0.02016105875372887,0.020300066098570824,0.02104522474110126,0.021807609125971798,0.022210940718650814,0.022695643827319145,0.01923160813748836,0.02105659991502762,0.02305250056087971,0.021234409138560294,0.020782839506864548,0.022600485011935238,0.02301073633134365,0.0215216726064682,0.023063722997903824,0.017082927748560902,0.0196632519364357,0.015407172031700613,0.009779991582036018,0.016725496063008903,0.007242653984576464,0.007882346399128437,0.00978831388056278,0.01113812904804945,0.010149253532290459
0.007453059311956167,0.008246851153671741,0.0062675545923411855,0.008948099799454212,0.009363165125250816,0.008475675247609615,0.011201830580830574,0.011295730248093605,0.011490265838801859,0.008413889445364475,0.0052255168557167045,0.009193581322001087,0.009948205202817915,0.0076195052824914455,0.0070568653754889965,0.003191044786944985,0.012357870116829872,0.012856010347604752,0.01645503379404545,0.01435134280472994,0.0167150367051363,0.010577643127180635,0.018607590347528458,0.019330300390720367,0.017689205706119537,0.02092057280242443,0.021297283470630646,0.021502001211047173,0.020412543788552284,0.020867008715868,0.021031033247709274,0.020195727609097956,0.02029973641037941,0.020470010116696358,0.019704733043909076,0.018014032393693924,0.0180551465600729,0.01745292730629444,0.01765716820955276,0.006948185618966818,0.008248867467045784,0.01395114529877901,0.00636265380308032,0.006597728468477726,0.005166810471564531,0.005122336558997631,0.00833467859774828
0.007370099890977143,0.009743408299982548,0.007420221343636513,0.00937809981405735,0.007584950421005486,0.008125674910843372,0.01007422525435686,0.011554641649127008,0.012835836037993431,0.008585209026932716,0.004849988035857678,0.009343017513553301,0.013255520723760128,0.017401261255145073,0.006662511732429266,0.0031989843118935823,0.012657870538532734,0.01817898452281952,0.01826118305325508,0.012299847789108751,0.016088934615254402,0.012285508657805621,0.018174173310399052,0.020651083439588547,0.018209153786301613,0.02153655327856541,0.021864499896764755,0.02165200188755989,0.02171160839498043,0.020625296980142597,0.02207306213676929,0.020907116308808326,0.02257372997701168,0.023280009627342224,0.021574527025222782,0.02167060039937496,0.021753722801804543,0.019052926450967792,0.020400241017341614,0.016927171498537064,0.009849991649389269,0.017110766004770996,0.008352654054760933,0.008245815522968769,0.008078694343566895,0.009352486580610277,0.009559253230690956
0.007458928041160107,0.007933025248348713,0.008578972890973091,0.010738099925220013,0.00855495035648346,0.007297384086996317,0.00979398749768734,0.010166555643081663,0.012813678942620754,0.0075323227792978295,0.007217889651656152,0.009259509181396829,0.01303622219711542,0.01566135138273239,0.0060113007202744475,0.002676669508218765,0.014469407498836516,0.017623104155063633,0.01689761504530907,0.013651343062520029,0.017648935317993164,0.012489383853971959,0.020421059802174568,0.020660432055592537,0.021025223657488826,0.021906960755586624,0.022610940039157867,0.02246749959886074,0.02000160701572895,0.02099660038948059,0.022862499579787254,0.021414566226303576,0.02119283936917782,0.023490484803915024,0.023850735276937485,0.0216862391680479,0.020633723586797714,0.017229661345481873,0.020129822194576263,0.016777172684669498,0.009890333749353886,0.01687892940826714,0.007322496734559536,0.007778624538332223,0.009108314290642738,0.010777384974062445,0.01011925283819437
0.008178979158401491,0.011073408648371695,0.008649686351418495,0.009486682713031769,0.00765778310596943,0.00988240260630846,0.01083311252295971,0.011343863792717457,0.012455844320356846,0.009568506851792336,0.006125516723841429,0.009951307024392817,0.013766229152679443,0.01405950542539358,0.006942927371710539,0.005475281272083521,0.012784569524228571,0.0190231055021286,0.01736118271946907,0.012388836592435837,0.016528934240341187,0.012445608852431178,0.018277598544955254,0.020225148648023602,0.018357031047344208,0.021258046850562096,0.021621722728013992,0.021672001108527184,0.02016199380159378,0.02097255922853947,0.022447090595960617,0.02086369227617979,0.023643730208277702,0.02427048422396183,0.02309073694050312,0.022383494302630424,0.022033723071217537,0.01964292675256729,0.02064325101673603,0.018017172813415527,0.010708269663155079,0.018018296174705028,0.00999265443533659,0.009400248527526855,0.008612584322690964,0.008971220813691616,0.009409253485500813
0.00710010016337037,0.009115501306951046,0.007160221226513386,0.008848099038004875,0.007712434977293014,0.008435049094259739,0.009867706336081028,0.011384641751646996,0.01236584410071373,0.00817216094583273,0.005540499463677406,0.009109955332759354,0.013375520706176758,0.015661261975765232,0.006236898712813854,0.002758984221145511,0.012709407135844229,0.017328985035419464,0.01835118420422077,0.014198836870491503,0.01752893440425396,0.01236905127298087,0.017784172669053078,0.02053926885128021,0.019189152866601944,0.02112928777933121,0.021686391904950145,0.02183348499238491,0.022411607205867767,0.021134817972779274,0.022096935659646988,0.02093988489359617,0.0215937290340662,0.0220200102776289,0.020847650244832042,0.021466240286827087,0.020483722910285,0.01849292777478695,0.020140241831541058,0.01640717312693596,0.009648269973695278,0.016609835252165795,0.0078426543623209,0.008749461732804775,0.009188694879412651,0.009287661872804165,0.009769253432750702
0.007764542941004038,0.007233253214508295,0.007788972929120064,0.009968099184334278,0.008324950002133845,0.007074042223393917,0.009504225105047226,0.008866555988788605,0.012503678910434246,0.00732232304289937,0.008237889036536217,0.008780924499862723,0.012826221995055677,0.014776068739593027,0.005826898384839296,0.002518984256312251,0.014099407009780409,0.016683105379343033,0.01683145947754383,0.013187583535909651,0.01693568378686905,0.012192330160178243,0.02016105875372887,0.020300066098570824,0.02104522474110126,0.021807609125971798,0.022210940718650814,0.022695643827319145,0.01923160813748836,0.02105659991502762,0.02305250056087971,0.021234409138560294,0.020782839506864548,0.022600485011935238,0.02301073633134365,0.0215216726064682,0.023063722997903824,0.017082927748560902,0.0196632519364357,0.015407172031700613,0.009779991582036018,0.016725496063008903,0.007242653984576464,0.007882346399128437,0.00978831388056278,0.01113812904804945,0.010149253532290459
0.007392158731818198,0.008398345671594143,0.007977554574608803,0.009586682543158531,0.008429242298007011,0.010667278431355951,0.011827706359326841,0.011103863827884196,0.010450266301631927,0.00759216072037816,0.005030499305576086,0.009537010971042845,0.008216221816837788,0.008671261370182037,0.006674258969724178,0.003161044791340828,0.010609014891088007,0.011317051947116852,0.015351183712482452,0.012531784363090992,0.014264938421547413,0.009582725958898664,0.01734047941863537,0.020067963749170303,0.017237031832337383,0.0203954353928566,0.021552365273237232,0.021622002124786373,0.021356206387281414,0.021079948171973232,0.02220599353313446,0.02041967213153839,0.02133929543197155,0.0220904853194952,0.020374732092022896,0.019264284521341324,0.01923053152859211,0.017744692042469982,0.019926555454730988,0.011544752866029741,0.00862059835344553,0.01533012194558978,0.0066568590700626365,0.007847728207707405,0.0062438421882689,0.0060467859730124465,0.008844678290188313
0.007260099984705448,0.009650656022131443,0.007379686459898949,0.009145382791757584,0.008241094648838043,0.009505675174295902,0.0115377064794302,0.0111638642847538,0.012425843626260756,0.007953888736665249,0.005124233197420836,0.009590001052452458,0.010222878307104109,0.007054002955555916,0.0071925115771591655,0.003090786514803767,0.010687870904803276,0.017027052119374275,0.016331056132912636,0.013341784477233887,0.014424930326640606,0.010449710651300848,0.01748758926987648,0.02113102190196514,0.01740703172981739,0.02064057253301144,0.021690592169761658,0.02134348452091217,0.021264184266328808,0.021764818578958508,0.021711032837629318,0.020665405690670012,0.022213729098439217,0.02132677659392357,0.020394733175635338,0.020302914083004,0.019889794290065762,0.018892927095294,0.01883097738027573,0.014544373378157616,0.00839138776063919,0.015803126012906434,0.00733265420421958,0.00812472216784954,0.007935922592878342,0.008410833775997162,0.010049252770841122
0.007005522493273021,0.008155501447618008,0.008020221255719662,0.008948099799454212,0.007674950174987315,0.008165049366652966,0.009727706201374529,0.011511753313243387,0.012335835956037045,0.007513889111578464,0.005635516718029976,0.00906051555648446,0.013415521010756493,0.015031261369585991,0.006271300837397575,0.002898984123021364,0.012603516690433024,0.017698984593153,0.018031183630228043,0.0137488367035985,0.017278933897614483,0.012261403957381845,0.018997099250555042,0.020779268816113472,0.019885223358869556,0.02083392441272736,0.021806983277201653,0.021603483706712726,0.02154160663485527,0.021314818412065503,0.02347693406045437,0.021223307214677335,0.0219937302172184,0.024340009316802025,0.022849617525935173,0.021323347464203838,0.021753722801804543,0.01849292777478695,0.02029306069016457,0.01647717319428921,0.009948269464075564,0.01719826734624803,0.0077124969102442265,0.008792048320174217,0.008758694864809513,0.009092486463487148,0.009919253177940844
0.0072801001369953156,0.008336851373314856,0.006507554557174443,0.008635382167994976,0.00846793781965971,0.008165444247424603,0.01116060186177492,0.01114573050290346,0.01193854957818985,0.008350787684321405,0.005235516931861639,0.009070905805048015,0.010518205352127552,0.0069938632659614095,0.007076865062117577,0.002776751527562737,0.012379137799143793,0.015473105013370512,0.017631182447075844,0.014211342670023441,0.015816422179341316,0.010811239224858582,0.018727589398622516,0.019871022552251816,0.017439205199480057,0.02047928795218468,0.022192521020770076,0.021329645067453384,0.020864183083176613,0.021536223590373996,0.022349594160914418,0.020632300153374673,0.021533729508519173,0.02272048406302929,0.020514732226729396,0.01855720765888691,0.019020531326532364,0.01843292638659477,0.01907341368496418,0.00898717250674963,0.008900891058146955,0.015028010448440909,0.007272496819496155,0.0068002487532794476,0.006588694639503956,0.00683122081682086,0.008778059855103494
0.005978764034807682,0.007959000766277313,0.006177913397550583,0.008285382762551308,0.008553165011107922,0.0069854436442255965,0.01181422546505928,0.00986020639538765,0.011623368598520756,0.007556921802461147,0.0051004993729293355,0.008581941119498677,0.009970257058739662,0.007661048322916031,0.007120261900126934,0.003355281427502632,0.01331924553960562,0.012712227180600166,0.015979748219251633,0.01361984759569168,0.015313299372792244,0.010415171599015593,0.019609112292528152,0.019741082563996315,0.019279204308986664,0.022238047793507576,0.021701188758015636,0.0200700368732214,0.02137620560824871,0.021449575200676918,0.02196165360510349,0.021023848094046116,0.0228123739361763,0.021410010755062103,0.01939473301172256,0.02033800631761551,0.018943341448903084,0.01898292638361454,0.01862341351807117,0.00898717250674963,0.006991388276219368,0.014813904371112584,0.007672653999179602,0.0067953974939882755,0.006997495424002409,0.008152336813509464,0.008950712159276009
0.00721645960584283,0.008775501511991024,0.007360221352428199,0.008748099207878113,0.007592434994876385,0.008415049873292446,0.009717706590890884,0.011329268105328085,0.01226584427058697,0.007512160576879978,0.005460499320179224,0.009046731723679436,0.01321552135050297,0.015261261723935602,0.006176898721605539,0.002758984221145511,0.01283940766006708,0.01727898418903351,0.018241183832287792,0.01435883715748787,0.017788935452699658,0.012338051362894476,0.01780417375266552,0.020449269562959668,0.01955522410571575,0.02109928801655769,0.021429196000099186,0.02190348505973816,0.022311607375741,0.021211076527833942,0.02187599241733551,0.021011304296553134,0.022473730146884918,0.02252000942826271,0.021057650446891785,0.021436240524053574,0.02073372341692448,0.017062926664948463,0.01984306052327156,0.01607717201113701,0.009558269754052162,0.016482736496254802,0.0076724966056644925,0.008865815587341784,0.009228694252669813,0.00937766209244728,0.009799253195524216
0.007200099993497132,0.009038344956934452,0.007067554630339146,0.00934462156146765,0.008189242333173752,0.00942727830260992,0.011907706037163734,0.01100464165210724,0.01299026608467102,0.007747350260615349,0.005337889306247234,0.00957441728355156,0.009076221846044064,0.008401261642575264,0.007046670187264681,0.003831044770777226,0.011339137330651285,0.014457051642239094,0.016035033389925957,0.01428178511559963,0.015101322904229162,0.01049074181355536,0.01732758991420269,0.020681021735072136,0.017597030848264694,0.020570572465658188,0.021590430289506912,0.02172200195491314,0.021526206284761432,0.021187009289860725,0.022339187562465668,0.020570421405136586,0.021163163706660267,0.021540010347962383,0.02032473310828209,0.02038167230784893,0.018999794498085976,0.018152927979826927,0.01894102245569229,0.010384752415120602,0.008440598845481874,0.015154593251645565,0.006652654148638248,0.0077277664095163345,0.005917480681091547,0.006200833711773157,0.009699253365397452
0.007216972298920155,0.011563408188521862,0.009379686787724495,0.009130727499723434,0.00755120301619172,0.01077240239828825,0.011256693862378596,0.01248926855623722,0.0134882228448987,0.0108152087777853,0.0053355167619884005,0.010316509494764937,0.013401038013398649,0.013461261987686155,0.007647361606359481,0.008115281350910664,0.01345252338796854,0.017264995723962784,0.015751458704471588,0.012478836812078951,0.016296090558171272,0.012320436490699648,0.01795482262969017,0.020365148782730103,0.01832703128457069,0.021316418424248692,0.021161189302802086,0.021063711494207386,0.019356206059455868,0.02082660049200058,0.022946935147047043,0.020692179352045058,0.023603729903697968,0.02407000958919525,0.021547649055719376,0.022221671417355537,0.021063342690467838,0.020270684733986855,0.020473413169384003,0.01884717307984829,0.011063344776630402,0.018204962089657783,0.011322653852403164,0.011169678531587124,0.009705997072160244,0.0073898169212043285,0.00840071216225624
0.007470100186765194,0.009210655465722084,0.007949686609208584,0.00954809971153736,0.008152998983860016,0.008865674957633018,0.010357705876231194,0.011474641971290113,0.012835844419896604,0.008465209044516088,0.005214232951402664,0.00954060090912713,0.011735273525118828,0.0114640137180686,0.006972511764615774,0.0029989841859787703,0.011712722480297087,0.0179570522159338,0.0172111839056015,0.013118837028741837,0.015006422996520996,0.011339123477227986,0.017860479652881622,0.021341083571314808,0.01775703206658363,0.021456418558955196,0.022220429033041,0.02181348390877247,0.021661607548594475,0.0209174957126379,0.023598244413733482,0.021180000342428684,0.02317372895777225,0.023350484669208527,0.02074473164975643,0.021910600364208218,0.02064360305666924,0.0199529267847538,0.020310241729021072,0.01833437383174896,0.008919991552829742,0.01704872502014041,0.008312653750181198,0.008007642813026905,0.008455922827124596,0.009347661398351192,0.0097092529758811
0.007732011843472718,0.007985523901879787,0.00695755472406745,0.00913809984922409,0.008897937834262848,0.008545675314962864,0.01123060192912817,0.009929268620908259,0.011307462118566036,0.008040787652134895,0.005087639205157757,0.009080459570719136,0.008228206075727941,0.008319505490362644,0.007106865290552378,0.0025407865177839994,0.012157870456576349,0.012426010333001614,0.015385033562779428,0.01362883672118187,0.016345035284757614,0.010122578893788158,0.01774759031832218,0.0193902999162674,0.01731703244149685,0.021630572155117992,0.02090594917535782,0.021510111168026924,0.021252544596791267,0.021127009764313698,0.021109947934746742,0.02021965440362692,0.020205486565828323,0.021030010655522343,0.020312979817390442,0.01893850602209568,0.018205147236585617,0.017134692519903183,0.016854817047715187,0.008384752087295055,0.008438867516815662,0.0142980155069381,0.006852653808891772,0.006827728357166053,0.00547384237870574,0.005758854560554028,0.0076446780003607264
0.007242158520966769,0.009743408299982548,0.007889686152338982,0.008905206806957722,0.007431248202919959,0.010414042510092258,0.010193112306296824,0.01127175334841013,0.012625835835933684,0.009956921450793743,0.00482998788356781,0.009524050220433209,0.013235272839665413,0.01625126227736473,0.006827361416071653,0.002966751577332616,0.012557870708405972,0.017913104966282845,0.017139749601483345,0.012049847282469273,0.016215121373534203,0.011998632992617785,0.018417589366436005,0.01989835686981678,0.017967032268643383,0.02109239995479584,0.021284500136971474,0.021516041830182082,0.02089620567858219,0.020724834874272343,0.02178395912051201,0.020605329424142838,0.02247237414121628,0.023850010707974437,0.022239618003368374,0.021606240421533585,0.022573722526431084,0.019362926483154297,0.0203932523727417,0.018087172880768776,0.010064703412353992,0.0175965023227036,0.0089026540517807,0.008884722366929054,0.00754459574818611,0.009087661281228064,0.009319253265857695
0.007682271301746368,0.008029000833630562,0.007658525835722684,0.009316682815551758,0.008897937834262848,0.008835675194859505,0.011420601978898048,0.0099591426551342,0.01070317532867193,0.007890787906944752,0.005090499296784401,0.00916700153094199,0.00867820531129837,0.008259505033493042,0.007024258840829134,0.0025610446464270353,0.012319137342274187,0.012126010842621326,0.015706021338701248,0.012901784852147102,0.0157050359994173,0.010037150350399315,0.017613215371966362,0.019500300288200382,0.017217030748724937,0.021680573001503944,0.021055947989225388,0.02164200134575367,0.02135254442691803,0.021247008815407756,0.022229947149753567,0.0204360943287611,0.02082237415015697,0.021250009536743164,0.020419510081410408,0.018968505784869198,0.01856514811515808,0.017454691231250763,0.01765097863972187,0.009230345487594604,0.008398868143558502,0.01454354333691299,0.006712654139846563,0.0067847222089767465,0.005549206864088775,0.005878835450857878,0.00784925278276205
